ID,Species,F1,F2,F3,F2/F3,F1/V,Eccentricity
1,BC15,0.26242,0.20654,0.17159,0.15826,0.13428,0.11743
2,BC15,0.31821,0.23118,0.18412,0.17612,0.14412,0.12382
3,BC15,0.32834,0.25076,0.19865,0.18694,0.15487,0.1326
4,BC15,0.27924,0.20974,0.17183,0.16021,0.13328,0.11572
5,BC15,0.32191,0.23589,0.19659,0.18134,0.14963,0.12903
6,BC15,0.23378,0.17452,0.14777,0.13832,0.11693,0.10346
7,BC15,0.25224,0.1889,0.15847,0.15009,0.1274,0.11368
8,BC15,0.2389,0.17711,0.14424,0.14109,0.1195,0.10611
9,BC15,0.19823,0.15471,0.12348,0.11756,0.099314,0.087715
10,BC15,0.24689,0.18965,0.15846,0.14811,0.12492,0.10949
11,BC15,0.27405,0.20697,0.16924,0.15734,0.13062,0.11333
12,BC15,0.26697,0.20423,0.15323,0.15319,0.12807,0.1119
13,BC15,0.25247,0.20593,0.17747,0.16322,0.14217,0.12855
14,BC15,0.19008,0.14708,0.12808,0.11717,0.10071,0.090693
15,BC15,0.1917,0.15557,0.12939,0.1231,0.10732,0.096363
16,BC15,0.20416,0.16862,0.14128,0.13138,0.11406,0.10173
17,BC15,0.17071,0.1476,0.11285,0.11089,0.096975,0.086165
18,BC15,0.22918,0.18135,0.13884,0.13566,0.11459,0.1001
19,BC15,0.22945,0.17725,0.14026,0.13833,0.11808,0.10467
20,BC15,0.22604,0.17372,0.14048,0.1376,0.11814,0.10614
21,BC15,0.23394,0.19039,0.15151,0.14464,0.12336,0.10803
22,BC15,0.17687,0.14449,0.12187,0.11336,0.098744,0.08814
23,BC15,0.18321,0.14748,0.13067,0.11921,0.10444,0.094796
24,BC15,0.18366,0.1487,0.12883,0.12175,0.10773,0.098528
25,BC15,0.17133,0.14263,0.1058,0.10923,0.095356,0.085386
26,BC15,0.21713,0.16939,0.13337,0.13052,0.11127,0.098346
27,BC15,0.23884,0.18077,0.14287,0.14058,0.11958,0.10651
28,BC15,0.22249,0.17835,0.14146,0.1348,0.11513,0.10133
29,BC15,0.2277,0.18125,0.14677,0.13912,0.11877,0.10452
30,BC15,0.16406,0.13719,0.1157,0.10757,0.094143,0.084767
31,BC15,0.18284,0.14717,0.11949,0.11586,0.10072,0.090535
32,BC15,0.17239,0.14491,0.12402,0.1157,0.10235,0.093551
33,BC15,0.15629,0.12158,0.10063,0.098313,0.085581,0.078254
34,BC15,0.19011,0.15651,0.12256,0.12101,0.10547,0.094849
35,BC15,0.21377,0.16194,0.1396,0.1297,0.11114,0.099773
36,BC15,0.19143,0.1417,0.12231,0.11646,0.099954,0.090381
37,BC15,0.21144,0.17483,0.14138,0.13239,0.11447,0.1016
38,BC15,0.15829,0.12995,0.10532,0.10311,0.090477,0.082162
39,BC15,0.16911,0.13711,0.113,0.10803,0.094384,0.085418
40,BC15,0.17684,0.136,0.11719,0.11028,0.096277,0.087632
41,BC15,0.1307,0.10922,0.090933,0.087062,0.077682,0.071037
42,BC15,0.1964,0.15063,0.12434,0.12177,0.10567,0.095911
43,BC15,0.20462,0.15875,0.12094,0.12042,0.10204,0.090411
44,BC15,0.18839,0.14077,0.12888,0.11861,0.10304,0.094213
45,BC15,0.21801,0.16944,0.12912,0.12978,0.11029,0.097857
46,BC15,0.1409,0.11659,0.094173,0.092688,0.082272,0.075112
47,BC15,0.14373,0.11761,0.10021,0.095215,0.084678,0.077792
48,BC15,0.15452,0.12774,0.10444,0.10179,0.090185,0.082363
49,BC15,0.22291,0.1779,0.1203,0.12589,0.10453,0.08923
50,BC15,0.22166,0.18755,0.1469,0.13602,0.11553,0.09904
51,BC15,0.25799,0.19306,0.14976,0.14541,0.12079,0.10461
52,BC15,0.26842,0.20277,0.16965,0.15353,0.12685,0.10943
53,BC15,0.32278,0.24714,0.18695,0.18316,0.15127,0.12991
54,BC15,0.26797,0.19302,0.1631,0.15141,0.12526,0.10965
55,BC15,0.22573,0.18738,0.14646,0.13737,0.11617,0.099835
56,BC15,0.21127,0.16933,0.13793,0.12877,0.10949,0.096545
57,BC15,0.14897,0.12246,0.10534,0.093125,0.080519,0.071245
58,BC15,0.21939,0.15388,0.13903,0.12343,0.10302,0.092338
59,BC15,0.2145,0.16142,0.13537,0.12482,0.10453,0.091937
60,BC15,0.23479,0.17537,0.1469,0.1382,0.11667,0.1039
61,BC15,0.2285,0.17937,0.14951,0.14023,0.12001,0.10642
62,BC15,0.24228,0.17859,0.14213,0.1368,0.1134,0.098911
63,BC15,0.17392,0.14546,0.11395,0.11278,0.098949,0.089789
64,BC15,0.1589,0.1332,0.10096,0.098696,0.084819,0.075183
65,BC15,0.1417,0.11089,0.094482,0.087708,0.075721,0.067858
66,BC15,0.18138,0.1497,0.11107,0.11177,0.096511,0.08554
67,BC15,0.19185,0.15409,0.12778,0.11951,0.10293,0.091252
68,BC15,0.20009,0.15994,0.12544,0.12008,0.10157,0.088614
69,BC15,0.22562,0.17106,0.14104,0.13269,0.11201,0.099029
70,BC15,0.21233,0.16218,0.13573,0.12778,0.10894,0.096566
71,BC15,0.15154,0.12759,0.10029,0.096409,0.083831,0.074363
72,BC15,0.1502,0.1178,0.096623,0.09547,0.083032,0.075793
73,BC15,0.12848,0.10172,0.09146,0.081991,0.071611,0.065329
74,BC15,0.16238,0.12459,0.10458,0.099206,0.084918,0.076258
75,BC15,0.1837,0.13865,0.11509,0.11018,0.094327,0.084201
76,BC15,0.19146,0.14844,0.12896,0.11709,0.10013,0.088789
77,BC15,0.21309,0.16666,0.12895,0.12669,0.10744,0.094039
78,BC15,0.20588,0.16006,0.12905,0.12385,0.1052,0.092957
79,BC15,0.15746,0.12765,0.10025,0.098967,0.086089,0.077681
80,BC15,0.15398,0.11784,0.10082,0.098991,0.08701,0.079851
81,BC15,0.12686,0.10383,0.086208,0.083714,0.075033,0.069262
82,BC15,0.14845,0.10524,0.094361,0.092344,0.080958,0.075756
83,BC15,0.18688,0.15298,0.11923,0.11545,0.099443,0.088399
84,BC15,0.18862,0.13665,0.11861,0.11247,0.095627,0.086554
85,BC15,0.19908,0.15544,0.12321,0.11792,0.099958,0.088112
86,BC15,0.18379,0.15301,0.12078,0.11641,0.10089,0.089515
87,BC15,0.14456,0.11792,0.10106,0.10174,0.092771,0.087857
88,BC15,0.14819,0.11289,0.098368,0.094299,0.082649,0.076278
89,BC15,0.12012,0.090633,0.082829,0.078357,0.069843,0.06567
90,BC15,0.14166,0.10194,0.091925,0.087877,0.076964,0.07166
91,BC15,0.19432,0.13838,0.11681,0.11229,0.095001,0.085639
92,BC15,0.17483,0.13399,0.11159,0.10666,0.091681,0.082696
93,BC15,0.18887,0.14818,0.11505,0.11434,0.098092,0.087476
94,BC15,0.18802,0.1485,0.11515,0.11322,0.09751,0.087168
95,BC15,0.13742,0.10035,0.086475,0.084346,0.073166,0.067621
96,BC15,0.12165,0.096046,0.082372,0.079406,0.070483,0.065049
3361,BT6,0.34871,0.28732,0.22564,0.2143,0.1813,0.15598
3362,BT6,0.31378,0.25939,0.20996,0.19398,0.16422,0.14139
3363,BT6,0.3692,0.30261,0.25492,0.22827,0.19294,0.16583
3364,BT6,0.33598,0.29075,0.23373,0.21814,0.1879,0.16279
3365,BT6,0.3494,0.29372,0.24099,0.21843,0.18525,0.15915
3366,BT6,0.37895,0.29467,0.23174,0.2241,0.18773,0.16214
3367,BT6,0.32554,0.26726,0.22377,0.20688,0.17732,0.15522
3368,BT6,0.33491,0.274,0.22627,0.20674,0.17524,0.15101
3369,BT6,0.28432,0.22352,0.18621,0.17372,0.14754,0.12862
3370,BT6,0.28128,0.2234,0.19119,0.17373,0.14766,0.12916
3371,BT6,0.34397,0.26556,0.23138,0.20835,0.17617,0.15377
3372,BT6,0.31292,0.24799,0.20515,0.19096,0.16112,0.13985
3373,BT6,0.32636,0.25756,0.21963,0.1974,0.166,0.14396
3374,BT6,0.31528,0.2519,0.21439,0.19537,0.16624,0.14541
3375,BT6,0.30264,0.22906,0.18612,0.17647,0.14722,0.12799
3376,BT6,0.30685,0.24637,0.20694,0.18944,0.16109,0.14047
3377,BT6,0.27416,0.21773,0.17885,0.16505,0.13844,0.11959
3378,BT6,0.26797,0.22185,0.1809,0.16767,0.14295,0.12448
3379,BT6,0.31281,0.26307,0.21089,0.19829,0.17004,0.14785
3380,BT6,0.31455,0.24298,0.19789,0.18537,0.15478,0.13379
3381,BT6,0.31001,0.24411,0.20439,0.18838,0.15903,0.13813
3382,BT6,0.30425,0.2464,0.19942,0.18592,0.15691,0.13575
3383,BT6,0.26453,0.21732,0.18202,0.1645,0.1395,0.1209
3384,BT6,0.28933,0.23006,0.18548,0.17781,0.15079,0.13163
3385,BT6,0.26377,0.21318,0.17702,0.16305,0.13795,0.11928
3386,BT6,0.25981,0.21144,0.18278,0.16414,0.14091,0.12376
3387,BT6,0.29268,0.24002,0.20229,0.18529,0.15817,0.13763
3388,BT6,0.29813,0.235,0.20235,0.18525,0.15831,0.13921
3389,BT6,0.29349,0.24081,0.20023,0.1841,0.15766,0.13798
3390,BT6,0.28894,0.22214,0.18515,0.17619,0.14969,0.13165
3391,BT6,0.25292,0.21073,0.17847,0.16294,0.14047,0.12347
3392,BT6,0.26468,0.22386,0.18647,0.17121,0.14778,0.12895
3393,BT6,0.26975,0.20758,0.17654,0.16411,0.13968,0.12341
3394,BT6,0.23865,0.2017,0.16551,0.15221,0.13082,0.11391
3395,BT6,0.29671,0.23592,0.19667,0.18037,0.15257,0.13237
3396,BT6,0.28694,0.23164,0.19281,0.17747,0.15082,0.13157
3397,BT6,0.27755,0.22192,0.18929,0.17284,0.14757,0.12949
3398,BT6,0.26238,0.21425,0.17932,0.16639,0.14294,0.12573
3399,BT6,0.24844,0.19579,0.17915,0.15896,0.13726,0.12232
3400,BT6,0.25766,0.21054,0.18014,0.1654,0.14285,0.12632
3401,BT6,0.23546,0.20062,0.15649,0.14788,0.12693,0.11067
3402,BT6,0.22488,0.18501,0.15809,0.14174,0.12142,0.10589
3403,BT6,0.27686,0.22499,0.19004,0.173,0.14837,0.13012
3404,BT6,0.28172,0.2213,0.18083,0.17003,0.14416,0.12579
3405,BT6,0.26276,0.21062,0.17887,0.16141,0.13738,0.11986
3406,BT6,0.27141,0.22403,0.18611,0.1723,0.14852,0.1305
3407,BT6,0.23136,0.19036,0.15959,0.14882,0.12897,0.11426
3408,BT6,0.23724,0.1972,0.16237,0.15222,0.13169,0.11615
3409,BT6,0.30975,0.23622,0.19778,0.18568,0.15664,0.13712
3410,BT6,0.29653,0.22601,0.19231,0.17957,0.15133,0.13241
3411,BT6,0.35526,0.29696,0.23762,0.21702,0.18251,0.15551
3412,BT6,0.32691,0.27719,0.22224,0.20166,0.17075,0.14556
3413,BT6,0.37175,0.29314,0.23653,0.22059,0.18371,0.15704
3414,BT6,0.3212,0.25727,0.21363,0.19683,0.16704,0.14455
3415,BT6,0.32262,0.25004,0.21832,0.19541,0.16474,0.14353
3416,BT6,0.32734,0.25022,0.21283,0.19626,0.16482,0.14369
3417,BT6,0.27362,0.21083,0.16552,0.15854,0.13224,0.11394
3418,BT6,0.24845,0.19311,0.16584,0.15142,0.1279,0.11214
3419,BT6,0.31819,0.25677,0.20155,0.18755,0.15554,0.1314
3420,BT6,0.30397,0.23805,0.19784,0.17887,0.1489,0.12773
3421,BT6,0.31092,0.26156,0.20971,0.19208,0.16232,0.13894
3422,BT6,0.26309,0.21641,0.17514,0.16444,0.1403,0.12229
3423,BT6,0.25648,0.20154,0.16535,0.15779,0.13484,0.11898
3424,BT6,0.25128,0.21787,0.17912,0.16307,0.14078,0.12249
3425,BT6,0.2321,0.19361,0.15468,0.14772,0.12754,0.11221
3426,BT6,0.23683,0.18958,0.15445,0.14662,0.12502,0.11025
3427,BT6,0.28676,0.23332,0.18442,0.17282,0.14518,0.12402
3428,BT6,0.27922,0.2293,0.18542,0.17077,0.14457,0.12472
3429,BT6,0.30607,0.2393,0.19737,0.18114,0.15141,0.13024
3430,BT6,0.23225,0.19298,0.16816,0.14927,0.12885,0.1127
3431,BT6,0.23336,0.18728,0.15217,0.14372,0.12219,0.10667
3432,BT6,0.23994,0.1908,0.17067,0.15187,0.13048,0.1157
3433,BT6,0.2274,0.18045,0.15891,0.14386,0.12352,0.10903
3434,BT6,0.22214,0.18205,0.1528,0.13907,0.11859,0.10337
3435,BT6,0.28066,0.21449,0.17748,0.16558,0.13846,0.12004
3436,BT6,0.27282,0.22759,0.18418,0.16898,0.14306,0.12281
3437,BT6,0.29063,0.23511,0.19507,0.17796,0.15096,0.1307
3438,BT6,0.2568,0.19769,0.17142,0.15698,0.13365,0.11791
3439,BT6,0.21922,0.17599,0.15544,0.13967,0.12002,0.106
3440,BT6,0.23885,0.19563,0.16433,0.15337,0.1322,0.117
3441,BT6,0.22764,0.17851,0.14329,0.13757,0.11673,0.10253
3442,BT6,0.21108,0.17388,0.1446,0.13331,0.11416,0.099939
3443,BT6,0.26156,0.21077,0.17488,0.16111,0.13625,0.11839
3444,BT6,0.26185,0.20646,0.16897,0.15854,0.13466,0.11757
3445,BT6,0.26023,0.2134,0.17365,0.16156,0.1374,0.11914
3446,BT6,0.23125,0.18637,0.15702,0.14516,0.12447,0.10936
3447,BT6,0.2122,0.1863,0.1551,0.14008,0.12206,0.1068
3448,BT6,0.23684,0.19511,0.15683,0.14854,0.1271,0.11144
3449,BT6,0.19993,0.15573,0.13644,0.12364,0.10578,0.093312
3450,BT6,0.19365,0.15484,0.12954,0.12126,0.1042,0.092584
3451,BT6,0.25648,0.20645,0.16703,0.15652,0.13279,0.11587
3452,BT6,0.23813,0.19631,0.16475,0.1481,0.12582,0.10895
3453,BT6,0.27141,0.2191,0.17455,0.16391,0.13868,0.12004
3454,BT6,0.24238,0.19586,0.15141,0.14806,0.12616,0.11038
3455,BT6,0.20011,0.15498,0.13706,0.12335,0.10526,0.09301
3456,BT6,0.22182,0.18108,0.14418,0.13628,0.11644,0.10213
3457,KB6,0.22256,0.16469,0.13127,0.12761,0.10655,0.093103
3458,KB6,0.20956,0.15405,0.12543,0.12212,0.10241,0.09075
3459,KB6,0.29389,0.21501,0.16753,0.16031,0.13041,0.11038
3460,KB6,0.22033,0.17307,0.14259,0.13255,0.11226,0.097983
3461,KB6,0.31223,0.22823,0.18356,0.17535,0.14431,0.12439
3462,KB6,0.24668,0.19223,0.15971,0.14846,0.12596,0.11053
3463,KB6,0.24373,0.18376,0.14751,0.13907,0.11527,0.099328
3464,KB6,0.21833,0.16683,0.13995,0.13041,0.11025,0.097352
3465,KB6,0.17435,0.1301,0.10852,0.10259,0.086631,0.076963
3466,KB6,0.16091,0.11745,0.10036,0.095703,0.081739,0.074013
3467,KB6,0.21722,0.16286,0.12572,0.12232,0.10107,0.087264
3468,KB6,0.20477,0.14108,0.12972,0.12109,0.10314,0.093919
3469,KB6,0.23597,0.16155,0.13062,0.12787,0.10458,0.091551
3470,KB6,0.20148,0.16327,0.13252,0.12144,0.10275,0.089038
3471,KB6,0.17114,0.13272,0.10814,0.10315,0.08797,0.078133
3472,KB6,0.168,0.12945,0.11292,0.10344,0.089107,0.079844
3473,KB6,0.16139,0.12031,0.10352,0.097561,0.083602,0.074986
3474,KB6,0.15971,0.11693,0.095676,0.091849,0.077022,0.067673
3475,KB6,0.19178,0.15059,0.11473,0.11433,0.096857,0.085076
3476,KB6,0.19373,0.14593,0.12281,0.1132,0.09494,0.083034
3477,KB6,0.20039,0.15451,0.12599,0.1193,0.10119,0.089103
3478,KB6,0.19841,0.15875,0.13063,0.12123,0.10359,0.090849
3479,KB6,0.15625,0.12398,0.10353,0.095777,0.082102,0.072625
3480,KB6,0.16693,0.12365,0.10732,0.10261,0.08824,0.079968
3481,KB6,0.16235,0.13014,0.10582,0.1016,0.088141,0.078947
3482,KB6,0.15093,0.11865,0.10253,0.096003,0.083563,0.075752
3483,KB6,0.17273,0.13756,0.12075,0.10959,0.095144,0.085043
3484,KB6,0.16854,0.1357,0.11472,0.10809,0.093884,0.083676
3485,KB6,0.19415,0.1419,0.12329,0.11525,0.097742,0.087239
3486,KB6,0.19122,0.14173,0.12555,0.11543,0.097999,0.087585
3487,KB6,0.14703,0.11714,0.10526,0.0964,0.084513,0.07698
3488,KB6,0.1556,0.12418,0.10785,0.10083,0.088174,0.079548
3489,KB6,0.14161,0.10477,0.094316,0.084727,0.072419,0.065156
3490,KB6,0.13498,0.11101,0.09214,0.089593,0.079457,0.072516
3491,KB6,0.17431,0.1306,0.10747,0.1065,0.09129,0.082676
3492,KB6,0.17912,0.1289,0.1122,0.10665,0.09122,0.082946
3493,KB6,0.17593,0.1257,0.10978,0.10121,0.08503,0.075611
3494,KB6,0.18343,0.14442,0.11626,0.11476,0.099341,0.089252
3495,KB6,0.14699,0.11493,0.10284,0.096478,0.085198,0.078207
3496,KB6,0.16759,0.12385,0.10148,0.099223,0.084655,0.076061
3497,KB6,0.10655,0.094153,0.072958,0.071077,0.062783,0.056355
3498,KB6,0.11377,0.087278,0.078276,0.074395,0.065613,0.061024
3499,KB6,0.14206,0.11007,0.096005,0.090571,0.079054,0.071906
3500,KB6,0.151,0.12303,0.10173,0.097332,0.085338,0.076759
3501,KB6,0.18173,0.13935,0.11913,0.1137,0.098177,0.088631
3502,KB6,0.1733,0.14573,0.11535,0.10894,0.094118,0.082716
3503,KB6,0.1204,0.092405,0.081879,0.077479,0.068354,0.063109
3504,KB6,0.13189,0.11695,0.097282,0.092562,0.083334,0.076228
3505,KB6,0.20611,0.16092,0.12719,0.12142,0.10183,0.088778
3506,KB6,0.19163,0.14926,0.11844,0.11294,0.09536,0.083293
3507,KB6,0.24274,0.17838,0.15083,0.14464,0.12223,0.10875
3508,KB6,0.24475,0.17992,0.15325,0.14539,0.12264,0.1087
3509,KB6,0.24659,0.18648,0.15513,0.14489,0.12085,0.10498
3510,KB6,0.24061,0.21416,0.16642,0.15489,0.13317,0.11436
3511,KB6,0.21817,0.16715,0.13657,0.12682,0.10554,0.091182
3512,KB6,0.22627,0.18221,0.15661,0.13995,0.11954,0.10467
3513,KB6,0.17126,0.13785,0.11128,0.10473,0.089184,0.078353
3514,KB6,0.16724,0.12408,0.10522,0.098064,0.082527,0.072577
3515,KB6,0.21974,0.16884,0.1357,0.13175,0.11135,0.09852
3516,KB6,0.23092,0.17543,0.13797,0.13228,0.11027,0.095608
3517,KB6,0.23075,0.17526,0.13939,0.13438,0.11247,0.098088
3518,KB6,0.22665,0.16617,0.13936,0.13182,0.11086,0.098257
3519,KB6,0.18405,0.14014,0.11703,0.11136,0.094842,0.084677
3520,KB6,0.18178,0.13749,0.12779,0.11151,0.095035,0.084866
3521,KB6,0.15949,0.13594,0.1034,0.10076,0.087091,0.076281
3522,KB6,0.15029,0.12711,0.09547,0.094052,0.080826,0.070735
3523,KB6,0.19505,0.1588,0.12741,0.12317,0.1061,0.094098
3524,KB6,0.21069,0.16709,0.14028,0.13,0.11164,0.098959
3525,KB6,0.21563,0.16832,0.14413,0.13258,0.11343,0.10117
3526,KB6,0.19656,0.16044,0.12844,0.11941,0.10137,0.087818
3527,KB6,0.16912,0.1216,0.11078,0.10046,0.085542,0.077087
3528,KB6,0.17,0.13282,0.10388,0.10281,0.088347,0.078358
3529,KB6,0.16767,0.1259,0.10341,0.098197,0.082838,0.073284
3530,KB6,0.15873,0.11916,0.10074,0.094853,0.080157,0.071029
3531,KB6,0.18835,0.14522,0.12113,0.11511,0.099022,0.088619
3532,KB6,0.19976,0.15739,0.12897,0.12122,0.10302,0.090649
3533,KB6,0.20146,0.15771,0.12712,0.11993,0.10096,0.088185
3534,KB6,0.18708,0.14791,0.12335,0.11341,0.096552,0.084363
3535,KB6,0.16098,0.11744,0.10216,0.099804,0.086484,0.078997
3536,KB6,0.16745,0.1369,0.11765,0.11031,0.097339,0.088197
3537,KB6,0.15244,0.10749,0.10066,0.091506,0.078135,0.071024
3538,KB6,0.14993,0.11372,0.096041,0.092888,0.080176,0.072716
3539,KB6,0.17205,0.13511,0.10932,0.10762,0.093302,0.084152
3540,KB6,0.19148,0.13953,0.11806,0.11095,0.093274,0.082526
3541,KB6,0.19081,0.13319,0.12238,0.11207,0.09521,0.086263
3542,KB6,0.21747,0.15639,0.13093,0.12548,0.10489,0.092985
3543,KB6,0.15409,0.10891,0.098763,0.091752,0.077853,0.070481
3544,KB6,0.17204,0.12911,0.11599,0.10948,0.095808,0.088046
3545,KB6,0.1239,0.10647,0.0878,0.085165,0.076375,0.070555
3546,KB6,0.13412,0.098027,0.08955,0.082956,0.072073,0.066558
3547,KB6,0.16078,0.12816,0.10581,0.10164,0.088008,0.078979
3548,KB6,0.20189,0.15385,0.13264,0.12251,0.10478,0.09346
3549,KB6,0.18405,0.14405,0.12102,0.11339,0.097375,0.087297
3550,KB6,0.17307,0.13897,0.10514,0.10443,0.088851,0.077684
3551,KB6,0.12069,0.099678,0.085916,0.081991,0.073246,0.067281
3552,KB6,0.14271,0.11586,0.10276,0.10157,0.092754,0.087243
3649,MT15,0.15438,0.10441,0.093588,0.08837,0.073816,0.066347
3650,MT15,0.13793,0.097168,0.084998,0.079568,0.066508,0.059333
3651,MT15,0.19933,0.1479,0.11902,0.11333,0.093102,0.08015
3652,MT15,0.2257,0.15574,0.12983,0.12804,0.10631,0.094073
3653,MT15,0.21441,0.15791,0.12953,0.123,0.10264,0.089405
3654,MT15,0.21695,0.14993,0.12358,0.12418,0.10351,0.091665
3655,MT15,0.14947,0.11501,0.091535,0.090881,0.078193,0.07011
3656,MT15,0.1507,0.12055,0.091614,0.096659,0.08437,0.075914
3657,MT15,0.14621,0.11737,0.089855,0.086782,0.073367,0.064281
3658,MT15,0.13603,0.093229,0.073794,0.075233,0.0624,0.05577
3659,MT15,0.20065,0.14708,0.11595,0.10962,0.089353,0.076283
3660,MT15,0.20893,0.14674,0.11722,0.11165,0.090602,0.078118
3661,MT15,0.19884,0.15148,0.1156,0.11333,0.093709,0.080693
3662,MT15,0.18348,0.1486,0.10692,0.10771,0.090401,0.077969
3663,MT15,0.14718,0.094508,0.083576,0.082719,0.069096,0.062679
3664,MT15,0.16816,0.10958,0.094027,0.09599,0.081091,0.074344
3665,MT15,0.12765,0.10325,0.08074,0.079827,0.068915,0.061161
3666,MT15,0.12436,0.099793,0.083023,0.078744,0.06838,0.061376
3667,MT15,0.18281,0.13715,0.11456,0.10802,0.091198,0.080622
3668,MT15,0.17425,0.15002,0.11648,0.10962,0.093712,0.081324
3669,MT15,0.18915,0.14419,0.11692,0.1114,0.093789,0.082214
3670,MT15,0.17864,0.13605,0.11162,0.107,0.090521,0.079865
3671,MT15,0.1354,0.10966,0.091386,0.085915,0.074324,0.066422
3672,MT15,0.14713,0.12144,0.10752,0.099094,0.088044,0.080836
3673,MT15,0.13179,0.10212,0.080679,0.083395,0.072412,0.065612
3674,MT15,0.11667,0.091475,0.076069,0.075275,0.065819,0.059929
3675,MT15,0.18181,0.13226,0.11804,0.10771,0.09066,0.080549
3676,MT15,0.18856,0.13197,0.10981,0.10707,0.089041,0.078466
3677,MT15,0.1895,0.13224,0.11603,0.10794,0.08965,0.079625
3678,MT15,0.1838,0.13859,0.11694,0.11057,0.094759,0.085118
3679,MT15,0.14575,0.1043,0.091251,0.088433,0.076026,0.069314
3680,MT15,0.14464,0.11829,0.09497,0.095843,0.084902,0.077396
3681,MT15,0.12757,0.092393,0.084042,0.07937,0.069649,0.064539
3682,MT15,0.12349,0.089592,0.079142,0.075294,0.06484,0.05915
3683,MT15,0.17779,0.12826,0.11346,0.10501,0.08875,0.079455
3684,MT15,0.16491,0.12829,0.10907,0.10353,0.089739,0.080896
3685,MT15,0.17105,0.13634,0.1113,0.10614,0.091058,0.080576
3686,MT15,0.15859,0.11911,0.10214,0.097539,0.083559,0.074941
3687,MT15,0.12596,0.10469,0.095671,0.084047,0.074434,0.067206
3688,MT15,0.14301,0.10815,0.090236,0.089997,0.07796,0.071261
3689,MT15,0.10389,0.083172,0.06955,0.065855,0.057871,0.052776
3690,MT15,0.11482,0.086558,0.073427,0.069203,0.05905,0.053601
3691,MT15,0.17631,0.11516,0.10549,0.097269,0.080373,0.071795
3692,MT15,0.19181,0.13007,0.11396,0.11083,0.09375,0.085161
3693,MT15,0.18987,0.13788,0.1102,0.10794,0.090078,0.079778
3694,MT15,0.16808,0.12842,0.10199,0.098015,0.082339,0.072516
3695,MT15,0.11194,0.091535,0.072527,0.071621,0.062986,0.057105
3696,MT15,0.1451,0.10065,0.091674,0.088997,0.077633,0.07248
3697,MT15,0.41332,0.33407,0.29327,0.2605,0.22186,0.19276
3698,MT15,0.39772,0.326,0.27467,0.24835,0.21016,0.18069
3699,MT15,0.48442,0.38877,0.32624,0.29707,0.24968,0.21415
3700,MT15,0.46623,0.37443,0.3059,0.28304,0.23801,0.20403
3701,MT15,0.50242,0.41186,0.3531,0.31413,0.2661,0.22867
3702,MT15,0.42849,0.33554,0.30099,0.26568,0.22457,0.19556
3703,MT15,0.43035,0.35573,0.30704,0.27203,0.23172,0.20019
3704,MT15,0.43865,0.36948,0.31075,0.27873,0.23706,0.2044
3705,MT15,0.3679,0.28553,0.24758,0.22646,0.19217,0.1687
3706,MT15,0.33567,0.29048,0.2378,0.22048,0.19031,0.16531
3707,MT15,0.41067,0.34078,0.28577,0.25591,0.21685,0.18619
3708,MT15,0.41623,0.33615,0.27341,0.25294,0.21282,0.18271
3709,MT15,0.41856,0.35523,0.29956,0.26758,0.22824,0.19636
3710,MT15,0.39793,0.3388,0.2626,0.2486,0.21082,0.1804
3711,MT15,0.35954,0.30393,0.2559,0.23048,0.19715,0.17055
3712,MT15,0.36188,0.3037,0.25585,0.23136,0.19769,0.1716
3713,MT15,0.33091,0.27482,0.23049,0.20633,0.17515,0.15059
3714,MT15,0.32566,0.2645,0.22436,0.20372,0.17355,0.15085
3715,MT15,0.38923,0.33576,0.26658,0.24305,0.20593,0.1753
3716,MT15,0.38799,0.3168,0.26351,0.23824,0.20142,0.17394
3717,MT15,0.40133,0.33712,0.278,0.25241,0.21521,0.18552
3718,MT15,0.38087,0.30788,0.25766,0.23491,0.19927,0.17265
3719,MT15,0.35132,0.28976,0.23989,0.22052,0.18836,0.16366
3720,MT15,0.34988,0.29799,0.24149,0.22171,0.18983,0.16395
3721,MT15,0.33177,0.26479,0.2253,0.20662,0.17597,0.15376
3722,MT15,0.32979,0.26379,0.23016,0.20839,0.17872,0.15744
3723,MT15,0.36254,0.30179,0.26127,0.23087,0.1972,0.17072
3724,MT15,0.37759,0.29895,0.25753,0.23035,0.19451,0.1686
3725,MT15,0.39367,0.31202,0.26575,0.2407,0.2035,0.17693
3726,MT15,0.36787,0.29203,0.25092,0.22789,0.19375,0.16861
3727,MT15,0.34103,0.2822,0.23957,0.2175,0.18633,0.16299
3728,MT15,0.34564,0.26435,0.23517,0.21213,0.17938,0.15733
3729,MT15,0.31701,0.26482,0.21204,0.1982,0.16918,0.14669
3730,MT15,0.30537,0.24367,0.20717,0.18947,0.16106,0.14076
3731,MT15,0.35364,0.28764,0.24143,0.22004,0.18682,0.16197
3732,MT15,0.35461,0.28268,0.23667,0.21568,0.1822,0.15776
3733,MT15,0.36957,0.29863,0.25304,0.22726,0.19257,0.16646
3734,MT15,0.34859,0.28092,0.23585,0.21434,0.18148,0.15696
3735,MT15,0.32198,0.26161,0.22297,0.20447,0.17571,0.15461
3736,MT15,0.34111,0.26839,0.22813,0.21168,0.18086,0.15914
3737,MT15,0.28531,0.23669,0.18896,0.17944,0.1537,0.13433
3738,MT15,0.29048,0.23119,0.19381,0.1787,0.152,0.13293
3739,MT15,0.36876,0.29393,0.24328,0.2228,0.18841,0.16317
3740,MT15,0.34642,0.27641,0.23181,0.21291,0.18099,0.1576
3741,MT15,0.36866,0.29272,0.24083,0.22321,0.18851,0.16321
3742,MT15,0.33338,0.2722,0.22349,0.20883,0.17855,0.15573
3743,MT15,0.30369,0.25088,0.20559,0.19065,0.16344,0.14261
3744,MT15,0.30344,0.24957,0.20784,0.19295,0.16569,0.14539
3745,SHPT1,0.26344,0.20564,0.17618,0.16134,0.13733,0.1209
3746,SHPT1,0.28887,0.21599,0.17183,0.16879,0.14183,0.12472
3747,SHPT1,0.33612,0.26076,0.21949,0.20034,0.16872,0.14675
3748,SHPT1,0.26567,0.21634,0.1815,0.16576,0.14174,0.12424
3749,SHPT1,0.33542,0.25015,0.21083,0.19687,0.16538,0.1452
3750,SHPT1,0.26464,0.20193,0.17553,0.16125,0.13726,0.12126
3751,SHPT1,0.27379,0.21762,0.1739,0.16701,0.14181,0.12428
3752,SHPT1,0.27929,0.23014,0.18722,0.17446,0.149,0.13018
3753,SHPT1,0.20598,0.17077,0.14242,0.13267,0.11515,0.1025
3754,SHPT1,0.21411,0.17529,0.14255,0.13907,0.12162,0.1095
3755,SHPT1,0.27352,0.21478,0.17158,0.16287,0.13726,0.11972
3756,SHPT1,0.24319,0.18904,0.15103,0.14546,0.12326,0.10848
3757,SHPT1,0.26016,0.2011,0.16443,0.1546,0.13075,0.11516
3758,SHPT1,0.22293,0.16949,0.1381,0.13467,0.11488,0.10242
3759,SHPT1,0.2183,0.16374,0.14296,0.13476,0.11562,0.10409
3760,SHPT1,0.22343,0.17471,0.14625,0.13805,0.1179,0.10478
3761,SHPT1,0.18941,0.14971,0.12877,0.12052,0.10475,0.094211
3762,SHPT1,0.19678,0.1633,0.12407,0.12384,0.10663,0.094267
3763,SHPT1,0.24641,0.19557,0.15847,0.14707,0.1239,0.10742
3764,SHPT1,0.23573,0.18005,0.1523,0.14247,0.12126,0.10759
3765,SHPT1,0.24368,0.19887,0.16245,0.15224,0.13105,0.11585
3766,SHPT1,0.21905,0.17982,0.14206,0.13859,0.11937,0.10595
3767,SHPT1,0.21135,0.15835,0.1369,0.12994,0.11136,0.099956
3768,SHPT1,0.20934,0.17481,0.1432,0.13552,0.11747,0.10439
3769,SHPT1,0.1923,0.15561,0.1357,0.12458,0.1089,0.098115
3770,SHPT1,0.19608,0.15171,0.13323,0.1264,0.11047,0.10054
3771,SHPT1,0.23725,0.19231,0.15547,0.14627,0.12533,0.1101
3772,SHPT1,0.21527,0.17961,0.15017,0.13722,0.11873,0.10546
3773,SHPT1,0.23259,0.18113,0.15481,0.14401,0.12371,0.11041
3774,SHPT1,0.22271,0.17473,0.15248,0.14166,0.12317,0.11166
3775,SHPT1,0.19338,0.15944,0.13803,0.12725,0.11159,0.10029
3776,SHPT1,0.20221,0.15859,0.13562,0.12832,0.11162,0.10078
3777,SHPT1,0.17265,0.13827,0.11821,0.11115,0.097029,0.087497
3778,SHPT1,0.17568,0.14871,0.11951,0.11527,0.10167,0.091389
3779,SHPT1,0.23758,0.178,0.14388,0.13902,0.11711,0.10325
3780,SHPT1,0.2033,0.16403,0.13373,0.12702,0.10964,0.097316
3781,SHPT1,0.21218,0.1672,0.14108,0.12925,0.11015,0.097004
3782,SHPT1,0.19504,0.16343,0.13226,0.12497,0.10882,0.096888
3783,SHPT1,0.19101,0.15471,0.13124,0.12269,0.10754,0.097083
3784,SHPT1,0.19026,0.14855,0.12704,0.11792,0.10193,0.091163
3785,SHPT1,0.14236,0.12038,0.10418,0.096397,0.086088,0.078602
3786,SHPT1,0.15166,0.12446,0.10634,0.10002,0.088236,0.080222
3787,SHPT1,0.23417,0.18664,0.15179,0.14555,0.12607,0.11294
3788,SHPT1,0.21182,0.16746,0.13514,0.12932,0.11076,0.098165
3789,SHPT1,0.2064,0.1505,0.13243,0.12318,0.10494,0.094216
3790,SHPT1,0.14505,0.11339,0.098228,0.091864,0.080001,0.072625
3791,SHPT1,0.15402,0.13176,0.11209,0.10631,0.095438,0.08759
3792,SHPT1,0.18277,0.14873,0.13337,0.12687,0.1152,0.10848
3793,SHPT1,0.26772,0.20177,0.16775,0.15491,0.1291,0.11205
3794,SHPT1,0.3148,0.23776,0.19553,0.18504,0.15544,0.13622
3795,SHPT1,0.36921,0.26,0.22192,0.20766,0.17174,0.15117
3796,SHPT1,0.27045,0.21527,0.17334,0.16138,0.13603,0.11775
3797,SHPT1,0.30148,0.21904,0.18395,0.17885,0.1521,0.13693
3798,SHPT1,0.27155,0.21555,0.18534,0.16951,0.14542,0.12849
3799,SHPT1,0.29113,0.22481,0.17912,0.16933,0.14133,0.12232
3800,SHPT1,0.2817,0.20925,0.17646,0.16433,0.13731,0.11984
3801,SHPT1,0.21404,0.17582,0.14063,0.13825,0.12192,0.11088
3802,SHPT1,0.23491,0.19026,0.15824,0.14902,0.12997,0.11728
3803,SHPT1,0.28241,0.21821,0.17242,0.16924,0.14323,0.12619
3804,SHPT1,0.23072,0.19042,0.16181,0.14842,0.12868,0.11441
3805,SHPT1,0.23323,0.18016,0.15799,0.14835,0.12953,0.11898
3806,SHPT1,0.20077,0.16044,0.12796,0.12392,0.10648,0.094654
3807,SHPT1,0.19057,0.15632,0.13122,0.12283,0.10655,0.094773
3808,SHPT1,0.20815,0.15976,0.14004,0.12987,0.11132,0.099892
3809,SHPT1,0.19554,0.14721,0.13168,0.11853,0.10104,0.090174
3810,SHPT1,0.21008,0.17173,0.13601,0.12682,0.1072,0.093205
3811,SHPT1,0.25225,0.20963,0.16242,0.1551,0.13181,0.11404
3812,SHPT1,0.21897,0.18406,0.15016,0.13901,0.11951,0.10434
3813,SHPT1,0.20274,0.16482,0.13396,0.12685,0.10909,0.096365
3814,SHPT1,0.19313,0.15456,0.13244,0.12472,0.10917,0.098505
3815,SHPT1,0.18287,0.15484,0.12299,0.11777,0.10205,0.090447
3816,SHPT1,0.21014,0.16799,0.13863,0.1306,0.11221,0.099424
3817,SHPT1,0.18778,0.15749,0.13202,0.12372,0.10912,0.098779
3818,SHPT1,0.20659,0.17221,0.14121,0.13318,0.11609,0.1039
3819,SHPT1,0.25298,0.19979,0.16702,0.15715,0.13501,0.12021
3820,SHPT1,0.20979,0.16356,0.14098,0.13247,0.11454,0.10297
3821,SHPT1,0.19273,0.14062,0.12953,0.12058,0.10424,0.095355
3822,SHPT1,0.20003,0.14509,0.13229,0.12118,0.10376,0.094505
3823,SHPT1,0.18701,0.16048,0.13232,0.12397,0.10934,0.098216
3824,SHPT1,0.19407,0.15716,0.13159,0.12621,0.11051,0.10025
3825,SHPT1,0.17635,0.14037,0.11598,0.11149,0.097361,0.087988
3826,SHPT1,0.20512,0.16245,0.1315,0.12906,0.11223,0.10145
3827,SHPT1,0.22595,0.17688,0.14997,0.13839,0.11804,0.10447
3828,SHPT1,0.20206,0.16037,0.13163,0.12818,0.11151,0.10083
3829,SHPT1,0.17547,0.13981,0.12028,0.11036,0.095819,0.085766
3830,SHPT1,0.17526,0.1485,0.12437,0.11345,0.099252,0.088495
3831,SHPT1,0.18564,0.14381,0.12528,0.12089,0.10657,0.097999
3832,SHPT1,0.20047,0.1646,0.1426,0.13465,0.12001,0.11018
3833,SHPT1,0.14899,0.11515,0.10653,0.10076,0.090687,0.085546
3834,SHPT1,0.17658,0.13481,0.11708,0.11138,0.096913,0.088413
3835,SHPT1,0.23099,0.17916,0.14585,0.14033,0.12046,0.10755
3836,SHPT1,0.21154,0.17296,0.14603,0.13819,0.12139,0.10987
3837,SHPT1,0.18707,0.15258,0.12854,0.12118,0.10614,0.095589
3838,SHPT1,0.15177,0.12414,0.10791,0.10109,0.089265,0.08159
3839,SHPT1,0.15132,0.1196,0.096767,0.095328,0.08289,0.074871
3840,SHPT1,0.16203,0.1343,0.1137,0.1096,0.097762,0.089722
4033,ThuanViet2,0.22623,0.17558,0.14234,0.13879,0.11872,0.10508
4034,ThuanViet2,0.20653,0.17105,0.13325,0.1286,0.10999,0.096343
4035,ThuanViet2,0.24624,0.17469,0.13262,0.13439,0.1099,0.095473
4036,ThuanViet2,0.21977,0.17954,0.14815,0.13594,0.11571,0.10155
4037,ThuanViet2,0.29206,0.20741,0.17412,0.16295,0.13384,0.11635
4038,ThuanViet2,0.32657,0.22472,0.18251,0.17695,0.14364,0.12479
4039,ThuanViet2,0.26877,0.2127,0.17188,0.1601,0.13436,0.11695
4040,ThuanViet2,0.27254,0.19514,0.16456,0.156,0.12975,0.11382
4041,ThuanViet2,0.18323,0.14337,0.12914,0.12225,0.10825,0.099757
4042,ThuanViet2,0.17043,0.14731,0.11454,0.11102,0.097341,0.086774
4043,ThuanViet2,0.18556,0.14746,0.11659,0.11469,0.098849,0.088927
4044,ThuanViet2,0.21662,0.15837,0.13253,0.1245,0.1047,0.092742
4045,ThuanViet2,0.23223,0.1719,0.14366,0.13592,0.11417,0.10135
4046,ThuanViet2,0.22669,0.18115,0.14754,0.13612,0.11541,0.10039
4047,ThuanViet2,0.20765,0.16619,0.13231,0.12665,0.10857,0.096022
4048,ThuanViet2,0.20004,0.15511,0.13055,0.12144,0.10311,0.091541
4049,ThuanViet2,0.18092,0.13378,0.11423,0.10764,0.091696,0.082512
4050,ThuanViet2,0.16031,0.1283,0.10603,0.099994,0.086595,0.077537
4051,ThuanViet2,0.18292,0.13891,0.11115,0.10701,0.090269,0.079992
4052,ThuanViet2,0.19056,0.14936,0.122,0.11699,0.10039,0.089364
4053,ThuanViet2,0.20434,0.1526,0.12024,0.11987,0.10097,0.089077
4054,ThuanViet2,0.19478,0.15285,0.12577,0.11787,0.10106,0.089813
4055,ThuanViet2,0.19653,0.12841,0.11147,0.10874,0.090505,0.08187
4056,ThuanViet2,0.18485,0.15304,0.13471,0.12223,0.1078,0.09806
4057,ThuanViet2,0.16197,0.11997,0.10498,0.10158,0.088312,0.081218
4058,ThuanViet2,0.14703,0.12159,0.10092,0.095068,0.083368,0.074818
4059,ThuanViet2,0.16834,0.13565,0.10874,0.10407,0.09,0.080242
4060,ThuanViet2,0.18627,0.14617,0.12012,0.11696,0.10125,0.091428
4061,ThuanViet2,0.18838,0.15471,0.12933,0.11979,0.10353,0.09218
4062,ThuanViet2,0.18454,0.1484,0.13052,0.11987,0.10553,0.095896
4063,ThuanViet2,0.16231,0.13896,0.12273,0.10874,0.095406,0.084892
4064,ThuanViet2,0.18156,0.13876,0.12411,0.11491,0.10006,0.090781
4065,ThuanViet2,0.15501,0.13063,0.10315,0.10007,0.08798,0.079026
4066,ThuanViet2,0.15371,0.11538,0.099315,0.098129,0.085976,0.07933
4067,ThuanViet2,0.1691,0.12839,0.10998,0.10269,0.088057,0.079213
4068,ThuanViet2,0.17446,0.13763,0.11176,0.10814,0.094264,0.084785
4069,ThuanViet2,0.1834,0.15158,0.1231,0.11744,0.1025,0.092343
4070,ThuanViet2,0.16858,0.14465,0.12098,0.11199,0.098858,0.088953
4071,ThuanViet2,0.16382,0.1275,0.12123,0.1072,0.093981,0.08606
4072,ThuanViet2,0.16956,0.13803,0.11321,0.10888,0.094984,0.085698
4073,ThuanViet2,0.13316,0.10077,0.086543,0.083879,0.073603,0.067913
4074,ThuanViet2,0.12762,0.10287,0.085629,0.085543,0.076871,0.072127
4075,ThuanViet2,0.13169,0.099224,0.086579,0.082936,0.072693,0.066916
4076,ThuanViet2,0.156,0.12408,0.10466,0.098129,0.084968,0.07606
4077,ThuanViet2,0.17888,0.13575,0.12302,0.11264,0.098172,0.089995
4078,ThuanViet2,0.15789,0.12916,0.11134,0.10456,0.093213,0.085538
4079,ThuanViet2,0.14716,0.11443,0.098242,0.096793,0.0858,0.079455
4080,ThuanViet2,0.15384,0.11874,0.1021,0.097605,0.085608,0.077813
4081,ThuanViet2,0.28014,0.19706,0.16968,0.15675,0.12912,0.11297
4082,ThuanViet2,0.24207,0.17981,0.15561,0.14077,0.11748,0.10332
4083,ThuanViet2,0.22756,0.19636,0.15395,0.14459,0.12408,0.10792
4084,ThuanViet2,0.28845,0.22362,0.17699,0.16982,0.14278,0.12396
4085,ThuanViet2,0.36405,0.25537,0.20204,0.19639,0.15895,0.13598
4086,ThuanViet2,0.30639,0.24314,0.18326,0.17843,0.14924,0.12833
4087,ThuanViet2,0.26033,0.21029,0.16502,0.15343,0.12829,0.11007
4088,ThuanViet2,0.25404,0.19075,0.15908,0.15055,0.12665,0.1116
4089,ThuanViet2,0.18611,0.14889,0.12345,0.11332,0.096321,0.08513
4090,ThuanViet2,0.17705,0.13952,0.10925,0.10727,0.091744,0.081745
4091,ThuanViet2,0.205,0.15678,0.12505,0.12221,0.10437,0.092734
4092,ThuanViet2,0.2167,0.17428,0.14711,0.13378,0.11386,0.099686
4093,ThuanViet2,0.27223,0.2117,0.16215,0.15614,0.12943,0.11126
4094,ThuanViet2,0.23941,0.17838,0.14408,0.13745,0.11475,0.10072
4095,ThuanViet2,0.19444,0.15475,0.12664,0.12217,0.10584,0.095121
4096,ThuanViet2,0.19815,0.15139,0.12529,0.11994,0.10242,0.091644
4097,ThuanViet2,0.17719,0.14004,0.11726,0.11081,0.095744,0.085513
4098,ThuanViet2,0.16806,0.13624,0.10754,0.10387,0.090323,0.080667
4099,ThuanViet2,0.18948,0.15405,0.11725,0.1164,0.1001,0.08874
4100,ThuanViet2,0.2196,0.17297,0.13459,0.13179,0.11222,0.098995
4101,ThuanViet2,0.24259,0.19132,0.1569,0.14904,0.12803,0.11404
4102,ThuanViet2,0.23708,0.18217,0.14863,0.14116,0.11951,0.10525
4103,ThuanViet2,0.1926,0.14677,0.12965,0.1205,0.10522,0.096707
4104,ThuanViet2,0.18747,0.15029,0.12714,0.11758,0.10143,0.090813
4105,ThuanViet2,0.17176,0.12785,0.11684,0.10525,0.090346,0.081046
4106,ThuanViet2,0.15807,0.1297,0.11232,0.10381,0.092202,0.084473
4107,ThuanViet2,0.18504,0.1439,0.1204,0.11455,0.099625,0.090492
4108,ThuanViet2,0.2078,0.16417,0.1427,0.12954,0.11188,0.10051
4109,ThuanViet2,0.21675,0.17881,0.14119,0.13192,0.11236,0.097548
4110,ThuanViet2,0.22129,0.16749,0.15035,0.13769,0.11898,0.10735
4111,ThuanViet2,0.18271,0.14681,0.12986,0.11827,0.10356,0.094073
4112,ThuanViet2,0.18967,0.15773,0.12621,0.11929,0.10346,0.09194
4113,ThuanViet2,0.15156,0.12895,0.10453,0.099209,0.087582,0.07896
4114,ThuanViet2,0.13442,0.11513,0.088586,0.088552,0.078375,0.070683
4115,ThuanViet2,0.17362,0.12471,0.11397,0.10626,0.09247,0.086043
4116,ThuanViet2,0.20285,0.15212,0.12715,0.12145,0.10387,0.093154
4117,ThuanViet2,0.21876,0.17815,0.14537,0.13608,0.117,0.10345
4118,ThuanViet2,0.22916,0.17933,0.15092,0.14327,0.12418,0.11197
4119,ThuanViet2,0.16967,0.1328,0.11277,0.10796,0.093837,0.085097
4120,ThuanViet2,0.1869,0.14365,0.11861,0.11492,0.099512,0.089789
4121,ThuanViet2,0.14593,0.11616,0.10491,0.10154,0.092311,0.086909
4122,ThuanViet2,0.12104,0.093435,0.081846,0.080517,0.072072,0.067755
4123,ThuanViet2,0.12927,0.10421,0.08062,0.081594,0.071729,0.065233
4124,ThuanViet2,0.22328,0.17602,0.14845,0.14192,0.12501,0.11466
4125,ThuanViet2,0.22013,0.17287,0.14256,0.13615,0.11822,0.10731
4126,ThuanViet2,0.20916,0.15797,0.13497,0.13151,0.11449,0.1049
4127,ThuanViet2,0.15056,0.12056,0.1026,0.10024,0.089477,0.083291
4128,ThuanViet2,0.15565,0.12673,0.10735,0.103,0.091159,0.083706
