ID,Species, Lk, P1P2,P3P4,hC,dK,dL,phi,Area,Perimeter,Eccentricity, CD, AB,CD/AB
1,1,0.122489628,0.244683888,0.249861513,0.083051748,0.003457204,0.017601994,64.17718795,12816,0.040089732,0.95100843,68.59411359,233.60211,0.293636533
2,1,0.116375521,0.247566807,0.243657679,0.081247553,0.004430271,0.016800872,23.43262645,12998,0.040238575,0.951187555,69.00000734,237.1963879,0.290898221
3,1,0.106072294,0.264594982,0.247112864,0.064978595,0.005443942,0.017562622,77.75320337,12945,0.040010351,0.9472968,69.5833773,232.8310335,0.298857829
4,1,0.100474807,0.249978719,0.234651671,0.075062122,0.006403431,0.020503089,40.00529092,12410,0.040554633,0.944750978,71.62557187,228.2066471,0.313862776
5,1,0.109839269,0.23623323,0.252524781,0.085420769,0.006144,0.018098154,28.41640436,13093,0.039914458,0.94709489,71.85495366,236.9464913,0.303253926
6,1,0.099777982,0.27993014,0.259261389,0.053399494,0.022223207,0.00682794,35.80229751,13104,0.039399344,0.942876506,71.51584545,229.4875525,0.311632787
7,1,0.096007922,0.265378339,0.262345057,0.06828426,0.007863923,0.018007986,40.32157479,12659,0.039831345,0.940531365,72.48103256,225.4672427,0.321470346
8,1,0.096307893,0.270098579,0.252854665,0.072450809,0.010357812,0.02066125,84.54355032,13362,0.039144963,0.944593332,71.89362929,235.1421807,0.305745354
9,1,0.101814659,0.263828731,0.256651814,0.073560668,0.015721858,0.010509665,73.80780373,13128,0.039365555,0.944603668,71.1217332,233.5418799,0.304535243
10,1,0.11720926,0.268674432,0.253817922,0.07773856,0.007433972,0.023216535,109.405801,13268,0.039522535,0.94759015,69.69043754,233.4747499,0.298492396
11,1,0.107285935,0.260639569,0.26211276,0.073145729,0.005659362,0.017064125,41.19860546,13211,0.039093407,0.942985784,72.44898181,231.856252,0.312473704
12,1,0.139369522,0.2645708,0.26245211,0.096793731,0.005369693,0.01881427,75.69593626,13124,0.03988883,0.948829213,66.75032225,232.227088,0.287435556
13,1,0.119839368,0.254131521,0.266953774,0.100464356,0.005156204,0.019896499,70.67414792,12799,0.039862802,0.943538084,70.63980353,230.1222657,0.3069664
14,1,0.095631236,0.258129837,0.261041025,0.067067792,0.011695317,0.021188566,85.71042314,13092,0.039170333,0.93945992,74.19558825,229.4915772,0.323304189
15,1,0.122607097,0.257291469,0.261650553,0.092517707,0.005659223,0.019390465,32.40656361,12801,0.039992422,0.947022103,69.3102954,230.2219701,0.301058563
16,1,0.110571416,0.253178399,0.246594822,0.077209137,0.005298192,0.015606797,43.07685016,12901,0.040131773,0.950333527,69.76204973,234.0605624,0.298051278
17,1,0.158991392,0.260438825,0.262890835,0.076584891,0.005392647,0.015040222,20.80316341,13406,0.039245263,0.946408941,71.03274109,233.5512977,0.304141924
18,1,0.121336006,0.264671698,0.25066891,0.091743815,0.009614417,0.021575071,102.7626847,13440,0.038994568,0.944994442,71.76582464,236.0014432,0.304090618
19,1,0.0961719,0.254410994,0.257997835,0.072790077,0.010019492,0.015349416,36.14744351,13323,0.03891586,0.944716668,72.70829997,234.4197761,0.310162825
20,1,0.137617635,0.254697868,0.248229145,0.091348075,0.013981593,0.015969283,44.15355783,12931,0.040218081,0.952460729,66.47698564,235.1238239,0.282731816
21,1,0.13473716,0.265041903,0.271946942,0.092903465,0.006372733,0.020109094,45.62527388,12517,0.039888232,0.941998216,71.37179166,222.3970151,0.320920637
22,1,0.10279236,0.264365449,0.274348192,0.070640162,0.014847965,0.011360195,68.81192301,12619,0.039553293,0.94100632,72.29129962,223.6952772,0.323168645
23,1,0.128165118,0.272211474,0.272484032,0.08584459,0.005813402,0.01869593,81.08098231,13493,0.038649003,0.944547794,71.70828013,230.9974536,0.310428877
24,1,0.112295347,0.266527516,0.23350167,0.072050806,0.004995913,0.018619041,79.63207054,12479,0.04119633,0.949336443,68.78367378,231.5157798,0.29710145
25,1,0.106548877,0.276224145,0.258529848,0.075920288,0.00759021,0.017000714,37.66196818,13567,0.038521191,0.941025274,73.55810138,232.6152642,0.31622216
26,1,0.139137156,0.254871313,0.259017948,0.120940768,0.007987945,0.033089618,86.41743868,12549,0.040730337,0.941733597,71.19190877,226.2675563,0.314635955
27,1,0.097514113,0.251851861,0.227898455,0.068216541,0.004872632,0.017127299,71.0659195,12896,0.040992246,0.954036938,68.08028147,239.7636308,0.283947491
28,1,0.151824114,0.273824987,0.280172289,0.105732241,0.011588622,0.019687988,38.44614441,13623,0.03763613,0.937704585,75.91526946,227.5563407,0.333610873
29,1,0.096000818,0.25444108,0.257538424,0.069134618,0.006018597,0.019323324,35.91387372,13424,0.039415226,0.949573494,70.3327873,239.167591,0.294073236
30,1,0.165902338,0.275569053,0.268573899,0.112601509,0.006354899,0.026032397,81.101092,12713,0.039256745,0.937502728,72.54692895,221.4434252,0.327609315
31,1,0.087681872,0.260636384,0.261855081,0.053689678,0.00409924,0.020908304,36.18342361,13593,0.038963511,0.945909227,71.43248044,236.2655002,0.302339869
32,1,0.129996354,0.269372161,0.246329742,0.093291963,0.009405642,0.022712577,101.9470123,13547,0.038374696,0.937047364,75.87437699,232.5391991,0.326286395
33,1,0.209247703,0.314260529,0.282233858,0.08803916,0.018505705,0.017265149,109.0751818,13228,0.038613698,0.93540367,72.77324645,221.6347481,0.32834764
34,1,0.144185566,0.26466084,0.252993148,0.097070401,0.00742031,0.019549261,22.76823483,12307,0.040135858,0.942072085,70.60404994,223.3841604,0.316065606
35,1,0.093047473,0.268523793,0.264119713,0.066501271,0.007710938,0.021972492,80.53872989,12272,0.040422099,0.940043771,70.66138782,221.5592435,0.318927736
36,1,0.098028765,0.256459049,0.264160647,0.064226602,0.005216148,0.017018555,80.88933533,12156,0.040858835,0.948623292,66.73650953,223.7367531,0.298281389
37,1,0.116226924,0.252595673,0.247289737,0.083369912,0.004539596,0.019680895,35.64368413,13824,0.038826172,0.950235806,70.10144715,242.4231257,0.289169802
38,1,0.067940138,0.234241031,0.236685987,0.012702919,0.016940792,0.00502249,137.7162281,12338,0.041816664,0.956547343,65.26738095,236.1292908,0.276405272
39,1,0.098409614,0.278314425,0.272274408,0.062406957,0.011639386,0.020078972,33.59463001,13896,0.037955455,0.943288575,73.83891617,234.1900593,0.315294835
40,1,0.106885753,0.271440951,0.246662615,0.080047326,0.006105106,0.025910434,38.44133323,12204,0.041147411,0.944552268,68.53547011,223.2532423,0.306985329
41,1,0.132378623,0.273090687,0.278280182,0.095909712,0.009413979,0.020608685,77.91648254,12318,0.039936922,0.937285615,71.19869039,218.2481685,0.326228123
42,1,0.137632813,0.256220925,0.258657702,0.085779591,0.006675365,0.01879675,31.17303397,13765,0.03893251,0.949891556,70.68551975,240.8017307,0.293542407
43,1,0.120506622,0.264424318,0.269414427,0.095040612,0.011357557,0.016406235,95.2862208,12144,0.040847579,0.941255762,69.02213325,221.7925239,0.311201352
44,1,0.089416742,0.263896037,0.247108851,0.06391216,0.005449597,0.019046947,36.09924258,11956,0.041253931,0.944644818,67.82186857,223.7921189,0.303057449
45,1,0.131318005,0.272890996,0.263156774,0.094891925,0.002182972,0.023538254,73.49278695,12232,0.040657783,0.936315999,73.11440922,219.3443436,0.333331638
46,1,0.101802364,0.276098437,0.265723706,0.07150416,0.025190443,0.007027943,85.75372704,11929,0.040995976,0.940250774,67.79320765,216.5724839,0.313027798
47,1,0.092224957,0.267530435,0.265740808,0.036807906,0.000524744,0.015383493,77.67553431,11916,0.040451494,0.940756809,68.44959204,217.7563768,0.314340241
48,1,0.103554059,0.283627497,0.274835859,0.065399575,0.005876673,0.018760384,80.95610374,13936,0.03703186,0.93351855,76.34404128,229.7024508,0.332360587
49,1,0.109376854,0.28618765,0.27744456,0.060896801,0.007089482,0.018317366,37.7770438,13170,0.038576082,0.931081952,77.76599453,219.5018237,0.354284047
50,1,0.103010971,0.271800094,0.269422568,0.068557194,0.011344418,0.018827639,36.26026575,14069,0.038133556,0.943284912,74.97055945,235.8268904,0.31790505
51,1,0.120304107,0.251924776,0.264753298,0.077616043,0.007368137,0.01440857,86.36120929,13771,0.038679108,0.951726428,69.80900981,240.2497188,0.290568539
52,1,0.08959532,0.248929359,0.284415295,0.075750344,0.011556545,0.016237845,77.93717911,11959,0.040289991,0.936866094,71.21338006,217.1156267,0.327997487
53,1,0.155416041,0.25266111,0.252091502,0.097556865,0.005862073,0.020523765,29.11546365,14157,0.038770714,0.949645454,72.49521333,246.2204085,0.294432187
54,1,0.092326988,0.222455953,0.272350936,0.077182513,0.006114589,0.052172956,84.76613781,12047,0.044053623,0.94695722,67.2575544,226.6844819,0.296701185
55,1,0.102861064,0.282911074,0.27364434,0.077029771,0.009888974,0.022719399,84.46007768,14100,0.037310851,0.936393941,77.46548985,232.9431659,0.33255103
56,1,0.097547348,0.253198539,0.26199988,0.068319938,0.010447594,0.017604794,29.91470781,13886,0.039193,0.952728416,69.91199795,243.9476032,0.286586124
57,1,0.094244642,0.228327597,0.233970267,0.075081723,0.005772345,0.021038151,35.14340478,11680,0.043322688,0.955782052,63.70610964,231.2563602,0.275478303
58,1,0.117654887,0.249448055,0.256112653,0.082820597,0.00658904,0.020414134,77.0339413,13838,0.039215277,0.953326976,69.63782845,243.5554086,0.285921913
59,1,0.133137404,0.27135301,0.268125335,0.081622117,0.008181895,0.017563403,78.94877731,13377,0.038939075,0.946689825,69.00902164,232.9621855,0.296224134
60,1,0.120170987,0.287527743,0.240183947,0.060686742,0.008280656,0.01994977,93.08721276,12393,0.041741144,0.93817257,70.27732489,220.2791129,0.319037624
61,1,0.102516073,0.269215086,0.273718572,0.062801877,0.009360982,0.023966007,106.4752097,12997,0.039200739,0.941302101,71.38900099,226.1016358,0.315738543
62,1,0.113161293,0.244489208,0.222549718,0.085727213,0.003121512,0.020349048,64.65994375,12603,0.04281679,0.957089372,65.06240879,241.685414,0.269202877
63,1,0.092020249,0.25395,0.253777305,0.073836784,0.012425699,0.019243361,85.03708369,14245,0.038491822,0.948437034,73.3499698,245.7456712,0.298479194
64,1,0.111034976,0.259401371,0.264743051,0.083819067,0.010585157,0.019853756,102.2497761,14367,0.037590172,0.943948454,73.47118048,243.1046103,0.302220433
65,1,0.094499302,0.25619512,0.257462477,0.061124134,0.004869441,0.020432542,69.66670104,14279,0.038290917,0.950714195,72.60824497,245.5762175,0.295664807
66,1,0.088049627,0.257289338,0.233680616,0.059321988,0.005925272,0.018621079,37.76302783,11506,0.042877455,0.950540958,64.56501185,224.339855,0.287800007
67,1,0.112153769,0.27477357,0.280637088,0.078609103,0.004858902,0.015911745,47.07381193,11784,0.040208927,0.936133315,70.89559499,212.2119537,0.334079178
68,1,0.103027664,0.24012625,0.228155281,0.079708973,0.007743206,0.017733622,86.26987787,13254,0.041017957,0.958850593,65.44781038,248.4690891,0.263404235
69,1,0.126360147,0.250575897,0.25412699,0.099287995,0.017663855,0.010122661,82.00270057,14422,0.038047774,0.948425234,72.49506042,245.2959836,0.295541164
70,1,0.10205738,0.270924242,0.240803822,0.058095758,0.003929613,0.020287174,38.91374508,14400,0.038135139,0.948672887,73.47727693,245.1585915,0.299713245
71,1,0.103940412,0.286555575,0.283421713,0.075709809,0.009829946,0.023113135,41.72068325,14098,0.036985814,0.929624644,78.52782298,229.1749455,0.342654485
72,1,0.081047556,0.243864061,0.265637202,0.065535812,0.010172549,0.019849221,24.15766672,13743,0.038810012,0.949441451,71.51946724,241.1429292,0.29658538
73,1,0.126395391,0.273814278,0.252731442,0.082834026,0.008324313,0.018895884,46.64724829,14653,0.037059101,0.944394093,76.15392312,243.5226522,0.312718026
74,1,0.124073562,0.282937159,0.256701043,0.067751871,0.007885501,0.016192633,88.47458174,14691,0.036021374,0.9349299,79.22660402,236.4369946,0.335085481
75,1,0.11042137,0.26838189,0.250038793,0.071560355,0.00777787,0.022919481,91.61663646,14645,0.037275248,0.943117375,76.22571376,244.482432,0.311784013
76,1,0.10850112,0.275755864,0.258855422,0.067336792,0.011601768,0.018154354,39.17456727,14706,0.037501904,0.947378821,74.51112817,243.6602016,0.305799337
77,1,0.144292938,0.245701558,0.26007494,0.10869541,0.002827374,0.024940378,23.95806838,11341,0.042718896,0.941744452,68.77744488,216.1145799,0.318245279
78,1,0.095121618,0.270410185,0.272399178,0.058635505,0.005184857,0.024180824,73.38106795,11680,0.040796404,0.933091611,71.16001288,212.6999866,0.334555794
79,1,0.073874591,0.217629051,0.216143774,0.058330595,0.018080014,0.006699568,27.43885534,11342,0.044236643,0.957580978,62.72744669,230.2356821,0.272448849
80,1,0.106928294,0.259555809,0.276191796,0.081193815,0.004077408,0.022677156,27.87815094,11096,0.042392033,0.938383322,67.74493,209.7185854,0.323027784
81,1,0.090552212,0.256955793,0.257986949,0.06769773,0.006020509,0.020826064,30.06777752,10993,0.042723915,0.943987453,65.50183938,212.3389862,0.308477687
82,1,0.099812717,0.270794149,0.273217558,0.054836592,0.008177443,0.021192346,93.53859721,11361,0.041650119,0.934869778,68.65491301,211.5705355,0.324501296
83,1,0.112770498,0.268534513,0.297655805,0.064520396,0.006538916,0.02310481,79.09963673,11528,0.040899549,0.929880857,72.40888843,206.8669388,0.350026393
84,1,0.10890437,0.284966042,0.264872466,0.067646742,0.007717601,0.022446039,86.23732361,11291,0.040999291,0.928513066,72.48644026,205.1588641,0.353318588
85,1,0.103799041,0.272370805,0.263613486,0.075195604,0.003771304,0.025154324,78.00066488,10905,0.042329023,0.937062634,67.15540942,207.4594528,0.323703782
86,1,0.089520557,0.261310053,0.257035863,0.060487673,0.008747215,0.019649921,80.09151023,15157,0.037246091,0.947745906,75.21035329,250.6898756,0.300013525
87,1,0.115305386,0.286955842,0.23612535,0.082577762,0.007522304,0.022115745,79.3006115,11678,0.042018325,0.926134327,74.30607425,211.9668017,0.350555246
88,1,0.110109388,0.242857804,0.183595002,0.073692355,0.008800251,0.017744807,39.83614021,12073,0.044555868,0.959226418,63.32223696,242.6693825,0.260940364
89,1,0.122986097,0.280206961,0.295906723,0.085688126,0.005681358,0.021877973,48.75042046,11193,0.040530331,0.922586779,71.52675614,200.2452316,0.357195802
90,1,0.119887558,0.260494861,0.286727794,0.084463229,0.005564229,0.022649657,76.1491167,10573,0.04248813,0.933208172,67.82921444,200.7510552,0.33787725
91,1,0.088993502,0.220270985,0.168317265,0.081374991,0.005961249,0.0189799,33.70615533,11377,0.045574932,0.959740194,65.74644956,240.7372178,0.273104633
92,1,0.111527162,0.208566327,0.246899889,0.097935471,0.026435792,0.007163262,29.31536112,10218,0.045123018,0.939062325,69.42728271,209.5537027,0.331310217
93,1,0.085515776,0.222291324,0.172292457,0.065974293,0.007162723,0.01426515,32.05344514,10023,0.048448369,0.960886669,59.66144436,226.1370187,0.263828738
94,1,0.114666745,0.222891286,0.208032955,0.084943332,0.003746172,0.027815345,81.6864681,11515,0.048162223,0.964538569,59.1891235,240.8217642,0.245779794
95,1,0.136178811,0.20559215,0.220756481,0.128660626,0.000895637,0.039221332,64.07439725,9181,0.052289184,0.928182546,65.27191379,199.8542013,0.326597657
96,1,0.148761221,0.273044246,0.20115683,0.097173971,0.083369119,0.012641792,177.6006594,11180,0.047498122,0.944474871,68.26795484,222.9148917,0.306251208
97,2,0.177054046,0.30278778,0.271698379,0.08979488,0.005552906,0.015056937,77.70735357,13610,0.037406539,0.936591037,74.12712761,223.6067267,0.331506698
98,2,0.115666595,0.288090297,0.286427878,0.077700754,0.005640926,0.018359799,94.49321931,13737,0.036948679,0.933252979,77.19984625,225.7549997,0.341962953
99,2,0.154212815,0.309334061,0.279713281,0.084375488,0.005106601,0.018885603,53.44902307,13909,0.036766985,0.936848778,74.82361501,226.148563,0.330860449
100,2,0.11269613,0.292556999,0.277274157,0.060511337,0.013958691,0.009492726,47.52402685,13741,0.03667979,0.92856433,77.79972525,223.8085619,0.347617288
101,2,0.108221979,0.287448487,0.263215786,0.062752693,0.006614366,0.017234556,49.51729628,13525,0.037957116,0.939455918,73.135239,231.180096,0.316356123
102,2,0.106938641,0.289744435,0.286909287,0.079729253,0.015637428,0.019329562,38.88217527,13725,0.038214499,0.93042399,77.6132288,226.0390566,0.343362028
103,2,0.154211155,0.280475175,0.263717963,0.058093781,0.01217417,0.024294196,121.899143,13241,0.038214183,0.931994629,76.67151992,225.6297906,0.339811156
104,2,0.12265207,0.296506127,0.243739654,0.080846236,0.012311394,0.014524971,47.68137736,13666,0.037714986,0.929869073,79.66117735,227.6165555,0.349979716
105,2,0.150859019,0.321136327,0.288851011,0.075251724,0.010154381,0.015164525,107.3682466,13959,0.036977864,0.933747084,75.52490042,223.1896271,0.338388936
106,2,0.138358087,0.300489209,0.290987439,0.08146038,0.010692309,0.016483964,116.6725982,13942,0.036597619,0.931022905,76.29737946,223.7131354,0.341050065
107,2,0.110569132,0.297908001,0.269570351,0.066290835,0.008216071,0.01709727,55.15377025,13786,0.036783331,0.929273225,77.9398655,226.1262149,0.34467417
108,2,0.129790054,0.306642411,0.260640055,0.063554867,0.009255591,0.00698401,74.11557744,13753,0.037059696,0.93370701,76.64133386,225.7376992,0.339514995
109,2,0.184935653,0.287520077,0.269073073,0.103215988,0.007678298,0.01733246,89.34496437,14350,0.037046272,0.932083921,79.07334231,234.7645092,0.336819831
110,2,0.100689292,0.301933303,0.295818247,0.062465704,0.0076173,0.021067285,50.19347295,13535,0.036915996,0.927503616,77.00780823,219.9911986,0.350049496
111,2,0.147425173,0.294203898,0.2506536,0.093295917,0.010935865,0.015741552,35.75611163,13319,0.038991891,0.942588717,70.35507984,229.5689647,0.306465989
112,2,0.149919781,0.275988117,0.259842425,0.102302577,0.003184261,0.012800595,46.3273364,13484,0.03849822,0.945100918,70.93326985,234.5213569,0.302459745
113,2,0.10733406,0.307401975,0.272675243,0.057741323,0.007275791,0.012098343,79.93805828,14342,0.036079766,0.928642148,80.97264743,227.4079477,0.356067799
114,2,0.128320717,0.303874787,0.286544823,0.064041817,0.00893242,0.014219204,101.2734608,13178,0.03798194,0.932604532,74.46945545,218.274571,0.341173299
115,2,0.145329457,0.313785535,0.291363509,0.065798296,0.007723083,0.015644569,43.83255693,13552,0.036722034,0.926336776,77.32297943,217.65667,0.355252056
116,2,0.100192872,0.304322028,0.275789973,0.054462233,0.007247709,0.01492747,50.76553771,14210,0.036307248,0.932737864,76.53282622,229.261451,0.333823353
117,2,0.101075167,0.274235139,0.255883881,0.060767357,0.00963807,0.011223636,78.82136656,13463,0.038835252,0.946428189,70.75240606,232.6784598,0.304078023
118,2,0.10928473,0.297891724,0.283401558,0.062717538,0.01174898,0.015506551,63.53474988,14449,0.036319261,0.927848999,79.74055344,228.4493805,0.349051301
119,2,0.12195375,0.296387878,0.284736094,0.058764228,0.00546268,0.013172127,53.76931676,14611,0.036135446,0.932092064,79.73535397,231.9200738,0.343805315
120,2,0.108707603,0.304643917,0.264611673,0.062027201,0.011295278,0.015251446,42.04303748,14619,0.0358504,0.929087996,81.39579397,231.4719299,0.35164434
121,2,0.101037711,0.257930565,0.257177567,0.066323416,0.022473277,0.010634456,52.68933751,14034,0.038672438,0.945983042,72.42117105,239.087584,0.302906449
122,2,0.120339718,0.280963975,0.286287947,0.083369255,0.007170583,0.012893418,37.61242969,14818,0.035602241,0.932351821,79.97979528,236.9532269,0.337534105
123,2,0.130816842,0.322561588,0.294493291,0.074205882,0.012086675,0.017277216,52.50638551,13350,0.037045318,0.924167996,77.16882766,214.697788,0.359430008
124,2,0.105244343,0.305414667,0.293980098,0.0612631,0.011843022,0.011641377,47.99052235,13588,0.03643244,0.922643873,80.49452244,217.5164775,0.370061723
125,2,0.115664982,0.314308961,0.291732318,0.058128839,0.006246454,0.017639031,98.66149297,14545,0.035377724,0.926672565,80.19751678,226.7779775,0.35363891
126,2,0.126889805,0.277545001,0.253844821,0.075127358,0.007622024,0.006334357,78.58552186,13058,0.039538827,0.948693277,68.91683698,231.1026839,0.298208726
127,2,0.154726771,0.304029967,0.28830668,0.082934553,0.008201936,0.012795825,109.3189325,14129,0.035937646,0.922806434,80.59897656,221.2600609,0.364272595
128,2,0.110224574,0.305715515,0.278727247,0.056108425,0.004421689,0.011517603,91.82137849,14855,0.035746348,0.929512618,81.36986666,231.5594258,0.351399501
129,2,0.133640407,0.296981774,0.271265997,0.085839447,0.010547599,0.016578069,59.55035271,14476,0.037300843,0.929232045,78.94530335,234.857335,0.336141528
130,2,0.106200791,0.297738575,0.281146941,0.058326713,0.007789528,0.013482788,83.63381129,14959,0.035662411,0.937392317,77.93157461,236.9202421,0.328935907
131,2,0.084595583,0.249699466,0.252723915,0.056689197,0.007399583,0.013688595,72.19352806,13003,0.039681227,0.94790777,70.6996424,233.7910628,0.30240524
132,2,0.131722782,0.274406114,0.273532034,0.081546402,0.00196228,0.012852854,72.0083154,12960,0.039661806,0.935565108,75.54033682,220.6028246,0.342426879
133,2,0.148992606,0.251974758,0.251400575,0.078651955,0.006446619,0.009635847,68.14550925,12693,0.039903726,0.945935093,70.70285809,229.4870225,0.308090877
134,2,0.146659915,0.320307352,0.262113977,0.075446491,0.007371542,0.014680907,109.1101007,14826,0.03642358,0.933073437,78.81395992,235.1764772,0.335126884
135,2,0.151772658,0.301676005,0.294249363,0.092885574,0.007751895,0.013185944,84.65363166,14421,0.035614312,0.922544565,83.00398468,225.4425926,0.368182355
136,2,0.131899779,0.324349688,0.270374225,0.071084657,0.014458543,0.016650836,102.1573929,14096,0.036525823,0.923889994,79.48769129,225.1939229,0.352974407
137,2,0.116839773,0.261233554,0.250750912,0.0729442,0.001900673,0.012873063,41.91700265,12552,0.040250478,0.948020455,67.54851601,227.4959121,0.296921889
138,2,0.211447051,0.314442724,0.296231386,0.104301939,0.001588706,0.015982483,83.84536803,13918,0.035953729,0.920524151,79.94344507,220.4807352,0.362586985
139,2,0.104630339,0.314414918,0.296354374,0.056636807,0.016728026,0.009916553,93.88785598,14468,0.035437517,0.921773308,82.46252677,223.256292,0.36936261
140,2,0.098351502,0.264750293,0.235838955,0.058865702,0.008101296,0.011248345,82.21858059,13420,0.038914083,0.948731106,70.56316572,237.4478095,0.29717337
141,2,0.118380344,0.308676729,0.29637571,0.065908945,0.01323837,0.005848488,55.38241774,14261,0.035985485,0.920682155,84.29556862,222.3744372,0.379070408
142,2,0.13821973,0.272036518,0.259294486,0.08076444,0.007141991,0.011979811,80.39898404,14205,0.038220908,0.948122372,71.75756979,239.7497988,0.299301898
143,2,0.1227726,0.316949062,0.295298336,0.071706159,0.007896576,0.012765018,103.08136,13145,0.037083986,0.923331464,78.75766606,213.5686897,0.368769721
144,2,0.135077767,0.329183501,0.288829089,0.066304309,0.008579292,0.010293772,101.0056493,14466,0.035903636,0.921567791,81.90356547,223.537216,0.366397895
145,2,0.152465424,0.26066112,0.248910725,0.099066925,0.006490157,0.011005958,72.07256188,12579,0.040211305,0.94666406,69.30937654,227.563724,0.304571288
146,2,0.107149593,0.25044693,0.25626647,0.069304275,0.00515488,0.010257687,44.82497437,13338,0.039384615,0.949653379,70.61616336,237.2749959,0.297613169
147,2,0.113402456,0.258589894,0.245025042,0.061895704,0.003189292,0.009002408,50.31395658,13549,0.039067237,0.949394993,69.69062437,237.8845956,0.292959803
148,2,0.195331361,0.319104527,0.301280436,0.091924369,0.007128272,0.017464253,89.42656337,14939,0.035001607,0.925033714,82.63143589,227.5403947,0.363150622
149,2,0.126369912,0.306144068,0.290501427,0.079421015,0.009691846,0.017311335,52.03377403,15027,0.035372862,0.927357966,82.62919298,231.8231592,0.356432003
150,2,0.134355376,0.277095529,0.271177564,0.091206016,0.008768486,0.01119091,54.15373674,12212,0.039996397,0.94157145,69.51960011,219.6460529,0.316507395
151,2,0.143369934,0.270469221,0.259434472,0.08742197,0.005162309,0.018995422,113.5754282,13589,0.039905953,0.950686827,67.5116684,237.0610333,0.284786021
152,2,0.119823564,0.269931123,0.253207534,0.07950542,0.008271336,0.010390703,79.50296988,13071,0.039820901,0.949018623,68.24031953,232.8969717,0.29300647
153,2,0.100159739,0.327112943,0.297184742,0.050277598,0.010909888,0.014038715,93.45685156,13618,0.036840432,0.918799937,79.39863108,216.9150641,0.366035579
154,2,0.109469003,0.305634229,0.318349651,0.058803466,0.011488094,0.015209541,44.83658459,13052,0.03698437,0.922630084,77.77766232,209.8434679,0.370646097
155,2,0.106570888,0.277618366,0.24324418,0.064801105,0.003214108,0.018164457,81.47552776,12633,0.040583472,0.94738028,69.23459507,227.9386144,0.303742283
156,2,0.131818097,0.301283355,0.273286029,0.080889726,0.008090519,0.015120522,58.81653689,13229,0.037652355,0.923058679,77.53027388,218.8644475,0.354238776
157,2,0.197467452,0.318302871,0.298316083,0.100474095,0.005158968,0.011529027,60.49377939,14789,0.034597877,0.913315139,86.2471901,223.1419228,0.386512714
158,2,0.09907627,0.303218628,0.294647107,0.056571331,0.014235028,0.013046121,43.82226688,15112,0.034898094,0.927336517,82.17926725,231.0866244,0.355621047
159,2,0.127230291,0.296167533,0.301693257,0.057722111,0.00517769,0.024002757,119.2445894,13096,0.037436775,0.92206916,78.30722486,213.143598,0.367391869
160,2,0.103357253,0.258628504,0.26204442,0.066386617,0.009980267,0.013507085,77.75585113,12633,0.040550146,0.951177916,66.58724364,229.4054767,0.290260043
161,2,0.14221565,0.32927645,0.308379467,0.06566972,0.012064785,0.013057367,57.6688748,14314,0.035324158,0.909365162,85.168668,216.0165229,0.394269229
162,2,0.190233816,0.336436737,0.315050076,0.080696135,0.008301892,0.012239091,40.35728135,13900,0.035248129,0.908870304,83.87963546,210.3832181,0.39869927
163,2,0.106229591,0.295116878,0.281055431,0.070296255,0.012918348,0.022605764,42.3705014,15134,0.035684617,0.9246803,83.72956176,235.9352918,0.354883583
164,2,0.153949772,0.311432528,0.296986994,0.083753502,0.011792627,0.011913547,44.09277361,15205,0.035195922,0.924302971,83.70533128,230.2338084,0.363566636
165,2,0.116446647,0.269871325,0.268685468,0.053138217,0.005679699,0.009729964,49.53995767,12025,0.040563992,0.940806132,69.04985668,219.7432043,0.314229771
166,2,0.089288514,0.266312102,0.241967381,0.048486141,0.011785151,0.005129351,39.48194432,12238,0.040723648,0.948800154,66.94800324,226.5478695,0.295513718
167,2,0.107699944,0.244642848,0.258801705,0.071123517,0.006553079,0.018639729,40.97558442,12726,0.04105697,0.951620276,66.44484207,233.3241484,0.284774819
168,2,0.11002795,0.313212933,0.277460305,0.059355677,0.006140691,0.014193755,86.53817006,13084,0.037256191,0.919270959,80.32372082,214.7686181,0.3740012
169,2,0.137298357,0.266382608,0.265623044,0.08351884,0.009985264,0.015316323,18.50246665,14765,0.037375076,0.946438246,74.31756701,243.3776381,0.305359061
170,2,0.11302313,0.322002518,0.299397356,0.053435363,0.016145428,0.00942124,97.11098699,15234,0.03454805,0.921133787,85.17217585,228.5490533,0.37266475
171,2,0.109896044,0.309771797,0.271979163,0.06109362,0.01596039,0.014396113,44.75535317,15479,0.035681504,0.934008241,80.18384478,238.8708402,0.335678665
172,2,0.089648822,0.254556313,0.236892532,0.058302933,0.01063977,0.008542479,46.39071317,12255,0.040988413,0.950002794,66.55268621,229.7392473,0.289687927
173,2,0.106427905,0.243928172,0.238200451,0.063835921,0.006917889,0.01249224,50.22811298,12383,0.04089526,0.950956766,68.40649091,229.4741888,0.298101025
174,2,0.153728119,0.306589411,0.305254165,0.066194181,0.011121312,0.016142285,110.7012607,12774,0.037556443,0.916948283,78.14195012,210.2005756,0.371749458
175,2,0.098998577,0.230879486,0.231976315,0.071888319,0.012173146,0.008143425,84.72010342,13022,0.04073084,0.954648302,69.60268373,241.210467,0.288555819
176,2,0.10420506,0.274176513,0.251391461,0.060873219,0.010133887,0.01521142,95.8789203,14228,0.038234046,0.951639071,69.90149336,242.6325889,0.288096062
177,2,0.099671971,0.260678012,0.256359758,0.064802036,0.011958264,0.007504613,44.70916966,13976,0.038679021,0.9535782,68.45636783,244.2447334,0.280277764
178,2,0.103393521,0.279619673,0.270608066,0.067020307,0.006463262,0.013476203,46.01119091,11729,0.040925569,0.939739297,67.60726784,213.6539302,0.316433532
179,2,0.110402056,0.285587808,0.277198894,0.06425613,0.005599976,0.015492,50.50145759,14156,0.036369172,0.931574416,77.80894233,230.1642764,0.338058293
180,2,0.103589362,0.27519345,0.272937669,0.064559603,0.00991563,0.012898176,103.1136445,11523,0.041274668,0.940113904,69.76331302,212.1403928,0.328854454
181,2,0.205937421,0.305005151,0.274921893,0.093516329,0.004158574,0.016168861,90.93159582,15814,0.035464778,0.938652465,79.10505254,243.1211766,0.325372942
182,2,0.103794744,0.302753053,0.271219214,0.057080959,0.007303988,0.010406806,54.23812944,11823,0.039756576,0.930420822,71.70630313,207.7431376,0.345168095
183,2,0.094791492,0.232315908,0.215250395,0.051588271,0.012383491,0.005421657,81.44823026,11578,0.043489981,0.957990798,64.81628658,227.6531955,0.284715031
184,2,0.09964304,0.247369182,0.235306479,0.059953875,0.00392967,0.012957823,70.31801141,11417,0.04376281,0.951514207,64.53371498,222.6212783,0.289881163
185,2,0.122817065,0.293650276,0.24473473,0.070434894,0.012773838,0.011107726,115.4561395,12843,0.039669392,0.946789618,68.83039197,227.9349723,0.30197381
186,2,0.135223157,0.261457281,0.24706144,0.086601603,0.004104164,0.0104157,49.59845427,14988,0.037643315,0.954216196,70.43993672,254.0780509,0.277237394
187,2,0.08114983,0.21638383,0.22080863,0.063817758,0.014021271,0.010544656,18.59366384,11230,0.043340516,0.950070901,65.75201764,223.5084102,0.294181403
188,2,0.095845845,0.210146244,0.201143861,0.079033895,0.009511821,0.014472048,31.3308922,11437,0.046025531,0.965208727,59.85320098,240.1711975,0.24921057
189,2,0.099164921,0.266455723,0.28769393,0.064693478,0.006521505,0.010331708,37.73992345,10628,0.042445709,0.931482173,67.49163664,201.1894954,0.335463025
190,2,0.081695108,0.206540608,0.177244815,0.0665404,0.005649434,0.010133125,61.37095455,12260,0.045159217,0.96965279,58.42692883,259.2231257,0.225392425
191,2,0.091325845,0.232977033,0.154225326,0.049793173,0.008868359,0.009239968,89.7914384,11793,0.045777834,0.96529098,61.79496845,246.9800556,0.250202261
192,2,0.100171337,0.268752747,0.258341358,0.056572636,0.008467625,0.007022994,70.07864674,13275,0.042581846,0.945934941,70.051632,232.8308141,0.300869248
193,3,0.128427478,0.236960778,0.254486017,0.111455427,0.000598089,0.028309543,79.19457458,12240,0.042264297,0.95348425,64.5849897,233.7540643,0.276294617
194,3,0.0833175,0.239507325,0.255751925,0.065280562,0.005843859,0.018357657,73.43490799,12370,0.041221665,0.952512442,66.48569048,231.5752558,0.287101876
195,3,0.148262658,0.249727276,0.25756846,0.104691548,0.005056473,0.011989244,39.65159851,12307,0.041502641,0.951381949,64.88887934,230.478487,0.281539853
196,3,0.105561097,0.251240024,0.245021116,0.073802447,0.002570569,0.012831386,75.5888406,12313,0.041056607,0.949376931,66.5364658,229.24151,0.29024615
197,3,0.102046907,0.239949706,0.233136061,0.070505182,0.006265939,0.009675131,42.95659702,12035,0.042199418,0.9533699,64.58959429,233.8041937,0.276255072
198,3,0.126285767,0.238870137,0.225718103,0.085486581,0.003229834,0.018030503,28.74836547,12433,0.042007882,0.95425696,65.6008413,239.519526,0.27388515
199,3,0.104183929,0.230772021,0.256260703,0.076522707,0.008423516,0.042249636,39.39888756,12202,0.043228241,0.952379409,65.9777971,231.6762794,0.28478443
200,3,0.10463311,0.245998569,0.263292665,0.076166712,0.00271414,0.016573579,43.24706427,12225,0.041192474,0.951919268,65.26112546,229.1639983,0.284779136
201,3,0.115082584,0.229532703,0.260208528,0.084725024,0.000790957,0.014815256,29.35895372,12372,0.041392176,0.953790772,65.11213614,234.3378962,0.277855768
202,3,0.176717418,0.25060499,0.248279953,0.075304319,0.000860869,0.014850452,38.84826176,12095,0.041621,0.952545416,65.11720008,229.7513353,0.283424686
203,3,0.111245834,0.238521775,0.238428138,0.097569084,0.005003779,0.035919799,93.40610826,12408,0.043197695,0.956281725,62.82210553,236.4987537,0.265633981
204,3,0.098679328,0.244924924,0.286158261,0.067150145,0.012837041,0.007150969,78.88220419,12691,0.039808211,0.949914433,67.041623,228.7366225,0.293095274
205,3,0.146740406,0.242186662,0.257270259,0.086194493,0.005080667,0.008586991,35.16187488,12422,0.041348092,0.955653372,64.05940988,231.7374686,0.276430956
206,3,0.11360113,0.22803751,0.246505201,0.090307249,0.00671135,0.013460645,43.95533623,12370,0.041673727,0.955056793,65.881343,235.5449621,0.279697525
207,3,0.171606271,0.268071356,0.260675962,0.103816575,0.005930124,0.016135653,46.3446623,12668,0.040233739,0.947581863,67.92758395,227.1817587,0.299001048
208,3,0.095154108,0.244232641,0.254968423,0.031253528,0.014819896,0.000392343,68.73112556,12127,0.041902449,0.954692348,63.36887748,228.4712684,0.277360379
209,3,0.083321507,0.260559856,0.248772978,0.063091986,0.004606946,0.011593013,44.7595749,12162,0.041483473,0.948213972,66.01541197,229.2638461,0.287945147
210,3,0.08739565,0.229871136,0.274858545,0.072292991,0.005709286,0.014850552,29.77408945,12529,0.040787693,0.950834569,66.00740371,230.8689583,0.285908527
211,3,0.106668052,0.243370387,0.235968654,0.078473688,0.007260952,0.019403143,12.0713326,12633,0.04157334,0.954043251,66.82197392,238.2089633,0.280518302
212,3,0.129008837,0.229890828,0.221607103,0.130919871,0.003504762,0.04307137,85.39194024,12223,0.04343999,0.957259282,63.60628279,241.4346989,0.26345129
213,3,0.105780617,0.238183433,0.240886264,0.070434306,0.001735547,0.01175856,76.43923554,12443,0.041656514,0.957591459,63.07046225,236.9978427,0.266122516
214,3,0.120311685,0.245117919,0.248211345,0.099357915,0.00127787,0.025549512,70.14685898,12764,0.041217252,0.954563841,65.03693558,239.4645938,0.271593118
215,3,0.120848198,0.225398788,0.229890989,0.130442636,0.003855424,0.042215734,82.02386104,12564,0.044094954,0.95575015,65.13126722,243.2729549,0.267729174
216,3,0.10381286,0.228892369,0.249539538,0.106036504,0.007716453,0.023535264,35.72841824,12151,0.042688832,0.955027108,63.51716724,237.2310502,0.267743903
217,3,0.088753412,0.243942355,0.250742574,0.060945457,0.003546429,0.016689446,36.25926943,12233,0.041956511,0.954019946,61.61867456,233.6472672,0.26372521
218,3,0.090165521,0.227024532,0.218308647,0.065624394,0.003510138,0.012437729,72.59803879,12070,0.043018393,0.960456634,62.85439033,239.4233659,0.262524044
219,3,0.111347802,0.237007525,0.252381931,0.088138459,0.007645632,0.012231426,38.90676435,12951,0.040510385,0.953707419,68.0595687,238.4937206,0.285372581
220,3,0.187939348,0.25548128,0.244632434,0.104278016,0.001621498,0.015682576,71.19041025,12803,0.040129188,0.950847891,68.38448897,233.5023934,0.292864189
221,3,0.11126249,0.25056569,0.254331533,0.075026146,0.005878523,0.014374048,72.74145748,12894,0.040252676,0.954508168,64.53920746,235.7563477,0.273753848
222,3,0.134890978,0.252134071,0.270328663,0.096981375,0.000507091,0.022310186,31.82017091,11972,0.041435683,0.94822042,66.49164924,222.3868154,0.298990968
223,3,0.096130079,0.175452122,0.265300841,0.087141218,0.000346483,0.01155157,45.01407478,12206,0.042648861,0.951366369,64.24321282,236.2977137,0.271874035
224,3,0.124795943,0.249474386,0.225236965,0.07870534,0.00636283,0.015988667,104.9467273,12422,0.042419256,0.959068273,62.93732751,239.1760123,0.263142306
225,3,0.094813629,0.240016338,0.243939853,0.059960775,0.004638905,0.016900017,81.94968086,12179,0.042464406,0.957102141,60.86380584,234.2437092,0.259831122
226,3,0.093813077,0.242924433,0.250154208,0.064012055,0.00380162,0.017322945,28.22391314,11669,0.043020482,0.953339687,62.68545499,229.8786168,0.272689369
227,3,0.145134941,0.23745979,0.229287235,0.089224813,0.003733669,0.016055952,53.91208282,12596,0.042556843,0.959368054,63.38297955,242.0453412,0.261864076
228,3,0.137635612,0.238560158,0.24508349,0.086578698,0.000623807,0.013613233,39.93267466,13001,0.040906084,0.956702234,64.67403545,240.5988967,0.268804372
229,3,0.133188052,0.213864076,0.234031842,0.116357616,0.000441083,0.018452499,78.77918156,12793,0.041871805,0.957052976,65.91212358,244.7797897,0.269271101
230,3,0.129988235,0.261330921,0.260676753,0.009933053,0.002419486,0.014016889,169.1707675,12343,0.041574496,0.953271112,61.46602766,231.321812,0.265716523
231,3,0.120439358,0.26172262,0.231720083,0.079785172,0.002275202,0.023601393,92.18537576,13052,0.040546583,0.953425125,67.54295096,239.419726,0.282111053
232,3,0.139395628,0.242012213,0.246206434,0.091869108,0.002915997,0.020855144,30.70559031,12777,0.041496439,0.958434545,63.79784567,240.8236414,0.264915211
233,3,0.125158244,0.233354733,0.241051429,0.091799949,0.00373372,0.017504677,34.24722784,13185,0.040618127,0.95476811,66.34921496,244.4117817,0.27146488
234,3,0.11112184,0.250659642,0.25378301,0.007094193,0.000440019,0.020931905,164.8047715,13194,0.039487191,0.950813868,68.50383319,236.5308131,0.289619066
235,3,0.169647392,0.249089368,0.239954279,0.080325377,0.002381972,0.013780431,41.83735265,13250,0.04030717,0.954201194,67.85624053,243.3004726,0.278898926
236,3,0.122511137,0.240392926,0.277552366,0.078290327,0.004141405,0.027796561,108.3898193,13215,0.039946425,0.949278258,67.49839195,237.0389498,0.284756543
237,3,0.09670386,0.234322285,0.23696141,0.060877352,0.001176231,0.018323219,37.67444538,12863,0.0409752,0.958484983,64.10410456,241.710639,0.265210108
238,3,0.097017225,0.251669921,0.229882064,0.065564963,0.008042122,0.017637157,91.55627837,12877,0.041371903,0.957065208,64.76557319,242.5383968,0.267032247
239,3,0.126954564,0.215133679,0.237935247,0.100111236,0.000197735,0.020690712,54.09054466,12888,0.041393001,0.95931882,65.05775359,246.9825706,0.263410302
240,3,0.096860413,0.255247448,0.249937823,0.065724136,0.003385914,0.02233251,87.53829835,12202,0.041558843,0.949918435,65.84037823,229.2358936,0.287216706
241,3,0.092394865,0.246586734,0.250777942,0.054278763,0.003533762,0.026712425,29.71055682,12243,0.041384465,0.945161483,68.27418352,228.5269585,0.298757678
242,3,0.12487648,0.227705934,0.243226835,0.09823912,0.001460515,0.017710617,31.96466965,11780,0.043197114,0.958592113,62.56660246,231.2508202,0.270557321
243,3,0.08670166,0.239008306,0.250352507,0.068399807,0.004967122,0.016282468,36.27789709,13340,0.040093478,0.954621181,66.46156777,243.2085034,0.273269918
244,3,0.121817699,0.225592788,0.238749208,0.091757894,0.000558181,0.021801803,66.51413278,13040,0.04106273,0.958774843,65.13744129,245.7026549,0.265106787
245,3,0.145700522,0.222633579,0.235085736,0.095244142,0.000443052,0.01321179,46.90100055,12280,0.043361726,0.963227667,60.18270897,243.4850915,0.247172049
246,3,0.097308497,0.25872458,0.256668159,0.063462525,0.006033926,0.018696904,46.58191031,11767,0.042394493,0.951599761,62.68430481,225.8755991,0.277516939
247,3,0.100626154,0.215894146,0.235201881,0.069710213,0.003964302,0.02278859,81.06680904,11664,0.043816015,0.961356624,60.55885013,235.2372824,0.257437297
248,3,0.097101814,0.241719896,0.25117768,0.072094301,0.003725673,0.02198274,76.86951407,13376,0.040246411,0.955396588,66.62448238,243.1369417,0.274020401
249,3,0.110394098,0.228389937,0.23501229,0.075790752,0.002245616,0.014234247,82.0510374,12130,0.042427205,0.958152819,63.77366681,237.8841901,0.268087033
250,3,0.139508174,0.21725321,0.242545118,0.068634005,0.004071912,0.012798187,29.36534759,12376,0.042055026,0.96043837,61.67304187,241.6862687,0.255178096
251,3,0.127665866,0.228520041,0.248661283,0.097655484,0.003556093,0.016412244,66.10642122,13289,0.040645647,0.957872916,65.29335202,247.1939316,0.264138167
252,3,0.099182417,0.244924623,0.260564774,0.01093324,0.003043265,0.015081678,175.0569993,13353,0.039448663,0.955532223,65.04814198,240.9903979,0.269920057
253,3,0.109178623,0.239782759,0.240187592,0.076933904,0.000521607,0.016214209,30.66944542,13376,0.040318182,0.958012154,65.24565133,246.2579691,0.264948386
254,3,0.106466575,0.248087946,0.27125595,0.072153935,0.002506094,0.015441909,74.54355267,13079,0.041855341,0.956356015,63.52868648,239.1550333,0.265638091
255,3,0.086205233,0.226958966,0.247426144,0.061217291,0.003564736,0.011344103,39.59275174,13543,0.040074577,0.955618711,67.41879532,245.6745109,0.27442324
256,3,0.094491579,0.23078748,0.256178167,0.071707393,0.008718616,0.015565744,92.23697285,12922,0.040757468,0.9564255,66.31739678,241.288782,0.274846581
257,3,0.082683992,0.234222521,0.237674346,0.062811658,0.008916675,0.016105405,42.88148114,11397,0.044386154,0.955828883,61.57059765,229.0440836,0.26881549
258,3,0.096686057,0.265623503,0.272079965,0.05959676,0.007123915,0.013690924,94.30393729,11730,0.041790708,0.946898422,64.79351448,219.3573265,0.295378848
259,3,0.089675082,0.265392939,0.276447572,0.035751558,0.01558968,0.000530014,73.02239246,12597,0.039609748,0.942273743,70.13904594,223.9253905,0.313225069
260,3,0.090537808,0.246469121,0.251921676,0.086396392,0.004714758,0.024206761,69.780417,11613,0.04267545,0.948363361,65.31117204,224.9213365,0.290373395
261,3,0.083829165,0.250834962,0.247692238,0.065817328,0.005447104,0.014531179,31.60048042,11505,0.042597132,0.949353942,65.30656925,223.147181,0.292661413
262,3,0.110609571,0.243889232,0.250578086,0.083202293,0.011300684,0.023382524,32.17110353,13658,0.040342656,0.954393928,66.73843757,247.1076408,0.270078405
263,3,0.125873971,0.253172867,0.246858851,0.080217661,0.004295768,0.017389204,90.84277361,13468,0.040035343,0.957938913,65.71893775,243.294215,0.270121251
264,3,0.110938968,0.244456322,0.235022563,0.087606715,0.013079875,0.01736472,94.03646757,13681,0.039927125,0.955476831,68.43120643,249.1237333,0.274687624
265,3,0.11141152,0.255866193,0.249359735,0.068067329,0.003551023,0.014860397,77.85609423,11333,0.042772258,0.948981093,63.49523191,220.1989792,0.288353889
266,3,0.103509495,0.263608213,0.275507802,0.07211814,0.008946488,0.015996248,82.52380067,11785,0.041189393,0.942124639,67.61348662,217.1180973,0.311413408
267,3,0.15105923,0.234854333,0.268219036,0.060028041,0.007410143,0.018455124,85.81697644,11807,0.041536377,0.943194077,68.7443935,221.9401394,0.30974295
268,3,0.112837349,0.251650822,0.268178748,0.089720925,0.006732454,0.013352201,46.02170544,11300,0.04223115,0.947774533,64.43308703,216.0064036,0.298292486
269,3,0.100908381,0.275480794,0.255519747,0.051252485,0.005139787,0.012716072,94.11983521,13395,0.038461963,0.940319085,73.13600299,231.2122828,0.316315388
270,3,0.12482084,0.254348424,0.254463756,0.072062383,0.000422213,0.010149127,58.92544676,11125,0.043773483,0.949630403,61.87889523,218.1173787,0.283695392
271,3,0.091403958,0.238541076,0.271518019,0.069874689,0.004259674,0.015643542,37.86451624,11607,0.041679935,0.944727608,68.16953958,218.9746232,0.31131251
272,3,0.124409153,0.259793693,0.238210933,0.09855474,0.004103633,0.019899037,29.33028045,11162,0.043717345,0.947663004,64.06766173,218.5841492,0.293102963
273,3,0.173554616,0.247473327,0.251183253,0.046262785,0.000467535,0.056616926,93.29064153,10901,0.045173837,0.947874853,62.86270055,220.9860972,0.284464504
274,3,0.089045762,0.251564276,0.241679703,0.093020777,0.008075412,0.055423555,95.50303708,11068,0.044562161,0.945592301,62.76302742,219.9516331,0.285349222
275,3,0.081561426,0.217133422,0.245329681,0.080422799,0.005428325,0.02299001,66.93507258,10364,0.045792165,0.953571538,60.69338658,217.8389341,0.278615881
276,3,0.111439223,0.225575537,0.207422238,0.101798555,0.000724711,0.027845884,29.47422383,10765,0.047445982,0.962502913,56.05314299,232.129161,0.241473939
277,3,0.151419577,0.156658576,0.245704324,0.055856564,0.003699127,0.027599004,89.61997075,12279,0.045942748,0.954708117,63.50269759,244.6244672,0.259592584
278,3,0.097847094,0.203182561,0.225725494,0.05378919,0.005613793,0.053485821,3.618549794,10472,0.048040393,0.961767475,57.56821908,229.4682958,0.25087657
279,3,0.120965362,0.243427695,0.265149226,0.086355011,0.000555333,0.016330711,38.47184769,14867,0.037460147,0.950293702,72.4488893,250.4011233,0.289331327
280,3,0.131238236,0.183651437,0.22113578,0.076839906,0.00386513,0.018799784,61.9340886,10331,0.047706708,0.964214107,57.82381859,229.1773677,0.252310336
281,3,0.079363722,0.198645754,0.202786588,0.099422586,0.00344687,0.026947195,30.98845083,10068,0.049062177,0.96434469,57.78562232,230.4746998,0.250724363
282,3,0.15764383,0.230539134,0.197889819,0.076811388,0.010046198,0.000364605,65.80504361,10110,0.047723046,0.963087297,56.90681311,221.8037268,0.256563828
283,3,0.108260207,0.212761362,0.192558974,0.076286975,0.00032826,0.011229558,36.34577912,9617,0.049731725,0.966995063,54.59769282,221.2622969,0.246755519
284,3,0.091960609,0.250434554,0.247895703,0.056400386,0.004767001,0.019256392,85.56161104,13095,0.040323253,0.956559115,65.06533817,240.3830294,0.270673593
285,3,0.13482614,0.172902163,0.208228172,0.142966469,0.000237314,0.019558148,62.21356969,10126,0.049668971,0.968896174,54.80640898,235.1339989,0.233085854
286,3,0.066337136,0.141080536,0.188435173,0.067205637,0.010215305,0.003991518,12.92153613,9534,0.052750367,0.971455951,53.5834188,237.3872657,0.225721538
287,3,0.176887566,0.229578529,0.229319826,0.1056358,0.001472472,0.05339519,117.5021592,12765,0.044828515,0.958819839,61.70497026,252.9068393,0.243983004
288,3,0.111437708,0.239773002,0.249820843,0.094763768,0.006742325,0.020583913,38.56250924,10121,0.046241281,0.955991381,57.99129549,212.756092,0.272571727
289,4,0.137544413,0.29907242,0.294281813,0.080159759,0.010222446,0.01529317,49.78882211,13217,0.037010819,0.924462424,77.85466396,216.0471466,0.360359603
290,4,0.109348839,0.300059833,0.294837977,0.070898533,0.00735216,0.022819747,42.21634221,13237,0.03737161,0.925024595,78.2938012,217.6998388,0.359641062
291,4,0.108098783,0.300888645,0.282741926,0.060900692,0.014313139,0.017489921,63.01645996,13556,0.037167527,0.928615665,77.13445604,221.3894783,0.348410668
292,4,0.113115158,0.32287247,0.29937969,0.06653609,0.010352078,0.01842362,101.3144733,13316,0.036818865,0.921632396,78.32775183,215.6321983,0.363247013
293,4,0.126600838,0.294963998,0.27979373,0.088406179,0.006495584,0.024575465,47.62519084,13280,0.037297289,0.925670353,78.46440925,221.1181956,0.354852793
294,4,0.092715144,0.303376113,0.287585672,0.062648564,0.014768158,0.014682714,91.04389867,12954,0.037420102,0.921707677,78.27241187,213.6088668,0.366428665
295,4,0.118512497,0.297844674,0.307698709,0.064163454,0.006379779,0.023030043,90.14501967,13538,0.036476584,0.922627327,78.77253182,218.618477,0.360319644
296,4,0.135176716,0.290773364,0.293443768,0.097782447,0.005644765,0.02533285,99.01925933,13236,0.03762874,0.927032648,76.12252374,220.1120527,0.345835327
297,4,0.129842502,0.293834854,0.292368853,0.066233889,0.004054781,0.0165431,105.7810272,13045,0.037464622,0.924387385,77.96219001,216.3492902,0.360353343
298,4,0.139438043,0.311522476,0.287785407,0.018014486,0.002635769,0.018288213,144.0138451,13439,0.037122479,0.925810303,76.77106222,217.9821924,0.352189605
299,4,0.09633532,0.301371564,0.281698908,0.055154734,0.008949299,0.015130185,48.17719841,13683,0.036575386,0.922895303,80.56767932,221.6684491,0.363460292
300,4,0.141739505,0.299457602,0.301979816,0.084590434,0.006315552,0.018567302,98.89129161,13477,0.036531869,0.923201896,79.02328975,216.1102748,0.365661882
301,4,0.142035246,0.305666578,0.279481625,0.074168858,0.01025016,0.01580769,97.67496141,13165,0.037238055,0.926464652,77.64790265,217.2993988,0.35733142
302,4,0.126668842,0.310324862,0.277000168,0.070857919,0.005684084,0.023304589,120.7081152,13720,0.036649125,0.92426239,79.557416,221.7884067,0.358708632
303,4,0.120519208,0.299368787,0.290661506,0.07124251,0.004577704,0.018079444,53.52963422,13681,0.036093414,0.924706305,79.62774269,219.9503177,0.362026041
304,4,0.142357215,0.309360847,0.289369898,0.083241958,0.0069999,0.023008074,49.71510048,13209,0.037779544,0.922782231,78.90004224,215.9418362,0.365376361
305,4,0.11678205,0.312697023,0.293008447,0.061318041,0.009392279,0.016747483,47.02218986,13667,0.036432428,0.923318546,78.69000607,217.9175966,0.361099825
306,4,0.160651453,0.283404117,0.268381707,0.105444707,0.005454214,0.020915785,32.83613015,13320,0.037526802,0.932091896,75.53827608,224.3836459,0.336647868
307,4,0.214697013,0.309635035,0.300196242,0.100857328,0.00300911,0.013170989,52.72958205,13022,0.036856243,0.920139214,79.47048712,211.1631597,0.376346363
308,4,0.127274604,0.301246343,0.307156447,0.0642659,0.004023109,0.021584909,47.97815247,13041,0.03696672,0.919820873,79.5911914,211.7197882,0.375927031
309,4,0.112957619,0.335639131,0.289182961,0.057127215,0.007875014,0.01670292,58.72747331,13437,0.036281164,0.919166755,77.57813412,213.300638,0.363703245
310,4,0.092801215,0.304872149,0.294396522,0.059146514,0.009111578,0.01579691,43.2827178,13306,0.036479333,0.917453476,80.65159921,215.5574901,0.374153546
311,4,0.111000328,0.31229815,0.290518977,0.059082747,0.009091254,0.013028209,108.1668843,13213,0.036836827,0.92458711,78.83500705,215.1647348,0.366393717
312,4,0.108568381,0.300647783,0.2776799,0.058396083,0.005554002,0.01338428,50.30185835,13174,0.037729164,0.933287075,74.49170491,220.4165192,0.337958812
313,4,0.151438563,0.312904608,0.314110981,0.091302637,0.003063603,0.025950133,83.25655768,13144,0.037371729,0.917714801,78.90087615,211.9465192,0.372267855
314,4,0.117807139,0.300583671,0.276573794,0.072111489,0.00607696,0.018046103,93.28808358,13430,0.037272375,0.933768011,74.4739955,224.1802996,0.332205799
315,4,0.19036513,0.292079922,0.271083049,0.104084244,0.006709181,0.015168105,36.10242003,13284,0.03802439,0.928665522,76.46050259,221.812359,0.344708036
316,4,0.107242894,0.2877184,0.290733159,0.065286133,0.008779486,0.015859416,45.08928399,12958,0.038126563,0.927366534,76.96555928,218.2717515,0.352613468
317,4,0.149937904,0.304512565,0.289905282,0.090408058,0.002662688,0.024551834,42.58366128,12959,0.037707385,0.925211294,75.99948277,215.0965852,0.35332724
318,4,0.119101271,0.317762044,0.296545239,0.054176737,0.016913578,0.005364807,56.1158501,12769,0.037172606,0.921530327,77.01059652,208.4666112,0.369414536
319,4,0.099464405,0.307572458,0.290600786,0.064742551,0.01376331,0.017531941,31.33063372,13861,0.036340163,0.924030246,80.48414809,221.2796867,0.363721358
320,4,0.118650623,0.301451559,0.27502239,0.065971377,0.010208328,0.011259188,49.48070935,12964,0.037849892,0.924486968,76.0970624,216.4553822,0.351560038
321,4,0.098235889,0.315048791,0.292001208,0.060192442,0.010706241,0.016595204,46.84899656,13334,0.036762337,0.916492626,80.69239612,215.4059333,0.374606191
322,4,0.144208159,0.317072132,0.294842339,0.068873864,0.00876488,0.015637473,98.53347236,13620,0.036044493,0.915503308,81.56325978,215.0940981,0.379198037
323,4,0.118048628,0.312748273,0.286427479,0.065162798,0.007557402,0.013856133,97.33143694,13918,0.036527734,0.924202568,80.55388115,223.2647652,0.360799793
324,4,0.110061274,0.308649009,0.293345892,0.05389303,0.006211928,0.012286379,55.91145519,13874,0.036084907,0.92729871,80.06238606,221.2710641,0.361829444
325,4,0.147294314,0.298542312,0.312771348,0.088945274,0.008853361,0.018128565,59.56474005,13614,0.035798516,0.916096849,81.43602136,215.0529731,0.378678891
326,4,0.124521707,0.28739257,0.256030172,0.086099375,0.005960121,0.018248189,46.06976045,13207,0.038561672,0.936315915,74.44962872,227.9839889,0.326556391
327,4,0.127287526,0.336710346,0.287651552,0.060922772,0.007480687,0.018815325,99.90082376,12964,0.036738584,0.916172691,77.59555927,209.3488742,0.370651906
328,4,0.101742572,0.318223478,0.285637876,0.053585294,0.006897934,0.013908368,91.32029311,13988,0.035944023,0.924230612,81.07451766,221.5584764,0.365928305
329,4,0.12214629,0.306191095,0.29847102,0.06107506,0.007946146,0.022705381,111.9886082,13922,0.036238041,0.919863519,80.95023821,221.5430605,0.365392796
330,4,0.129420871,0.318224175,0.299035231,0.076023691,0.008986221,0.020075419,105.7974912,13588,0.036352075,0.915331384,81.80195789,216.6726752,0.377537028
331,4,0.108155089,0.29858614,0.289706219,0.05843775,0.014948389,0.007317727,90.91256625,13954,0.035932636,0.927528494,78.53580429,223.2802648,0.351736435
332,4,0.110384485,0.297010963,0.293352203,0.078353756,0.015617469,0.023126686,38.17316824,13789,0.03616825,0.916417133,82.69250862,221.6047684,0.37315311
333,4,0.150091698,0.294035118,0.293602897,0.087958768,0.004867171,0.011253152,48.27273358,13797,0.036710662,0.931904114,78.43647942,223.5800163,0.350820618
334,4,0.137065669,0.308658862,0.295927563,0.081567939,0.009284743,0.013390604,56.2283331,14222,0.03578934,0.923096393,81.3359312,223.7376394,0.363532624
335,4,0.097527017,0.286003241,0.277939219,0.059576481,0.007854079,0.011895741,45.0245444,13837,0.036489268,0.930608724,78.79909431,226.0283544,0.34862482
336,4,0.195664998,0.305861061,0.306816972,0.088643454,0.001955671,0.018461756,51.39438714,12709,0.037292942,0.919759534,77.59822556,209.3039503,0.3707442
337,4,0.114831902,0.311452805,0.295144544,0.064861682,0.01137722,0.013134517,90.28517395,14159,0.035689244,0.922774955,80.14718445,222.961132,0.359467068
338,4,0.183173251,0.303153778,0.275754385,0.087839524,0.008407631,0.017317224,89.08334227,13922,0.036755854,0.929125077,78.86488237,223.9114694,0.352214572
339,4,0.115703265,0.296872365,0.270796031,0.069511658,0.005784349,0.022178687,48.33779204,12755,0.03817303,0.930444983,75.41500365,217.6298483,0.34652877
340,4,0.142477708,0.299662863,0.316448643,0.081522636,0.0067661,0.018342651,57.05968914,12753,0.037328315,0.916815421,76.59708056,211.4246123,0.362290273
341,4,0.10842271,0.278730642,0.302031015,0.066589749,0.00713673,0.018556576,50.33690543,12557,0.038205383,0.922686976,76.23657196,212.6676184,0.358477574
342,4,0.137908971,0.293246107,0.305564299,0.072318887,0.006704799,0.023192706,53.33347249,13356,0.036814465,0.91863649,81.46676324,216.0080507,0.377146884
343,4,0.157743258,0.314306431,0.304751171,0.092137773,0.005357806,0.024149982,120.0099934,14172,0.035645498,0.914203529,82.4934577,221.1936919,0.372946701
344,4,0.123655854,0.269215176,0.275705406,0.071921089,0.00550219,0.020930483,49.43439034,14002,0.036890301,0.931372803,79.62977017,231.24847,0.34434723
345,4,0.15562901,0.29942373,0.283302291,0.089048748,0.003879492,0.018326488,81.4783323,14064,0.036363623,0.92987625,77.77930503,225.9435041,0.344242271
346,4,0.106767101,0.309122604,0.276115465,0.058620171,0.014057779,0.010132781,50.77044281,12595,0.037786661,0.92428472,76.27346059,211.1310609,0.361261201
347,4,0.134217448,0.286760977,0.250317616,0.08828079,0.007206472,0.016509813,46.77137168,13135,0.038595508,0.938285758,73.37702834,227.8746206,0.322006146
348,4,0.157508314,0.28979766,0.289526297,0.081554592,0.015561336,0.006845751,39.4206514,14064,0.036438353,0.931417416,78.54387164,225.8139598,0.34782558
349,4,0.129664128,0.295800427,0.289196985,0.069804794,0.00401751,0.015652969,84.4628439,12475,0.038101162,0.926356632,75.34002414,212.1039338,0.355203333
350,4,0.109287238,0.288507417,0.257725829,0.067969327,0.006800625,0.019809075,45.45722842,12590,0.039142335,0.932536835,76.09701095,219.7171531,0.346340783
351,4,0.128853909,0.290514089,0.284641624,0.081739389,0.010260278,0.0121282,89.91559526,12281,0.038482208,0.92659301,74.65533593,211.2084481,0.353467565
352,4,0.120401061,0.297350291,0.267143405,0.065520107,0.009577291,0.008695075,49.78832178,14165,0.0366036,0.930323639,78.05439481,230.2100764,0.339057247
353,4,0.117374329,0.312950396,0.311894042,0.079555441,0.015424017,0.018130903,118.6856054,13334,0.036387131,0.908699477,82.96336876,212.0018964,0.391333145
354,4,0.119852941,0.302119843,0.267801262,0.063175415,0.010926317,0.020850502,128.9666336,14104,0.0372115,0.933055331,77.11137285,228.0670109,0.338108403
355,4,0.100805277,0.315558516,0.307183974,0.062485003,0.00657296,0.021281627,90.53444766,13484,0.035805844,0.905711165,84.54533002,212.9413543,0.397035749
356,4,0.109974891,0.323113414,0.284281702,0.051999007,0.010064862,0.017468472,105.9166459,12348,0.038413265,0.925371632,74.48247185,208.1396853,0.357848489
357,4,0.132181001,0.313702681,0.310490467,0.088723774,0.012790553,0.018681874,107.8195285,13591,0.035790965,0.905532488,84.9925255,212.4300106,0.400096602
358,4,0.144401812,0.304764297,0.308488435,0.087097349,0.006927727,0.013787987,50.72727586,12458,0.037724996,0.916859708,78.53199015,204.85544,0.383353208
359,4,0.134372332,0.298598642,0.27309205,0.069016797,0.005429782,0.011029333,90.07038807,12480,0.038260096,0.932072459,73.70805796,213.6957519,0.344920558
360,4,0.124429984,0.29308134,0.270330385,0.066643719,0.00298958,0.015537532,53.79270706,12382,0.038700533,0.931936203,73.89951561,214.3503941,0.344760344
361,4,0.120790489,0.283482411,0.25728345,0.078469703,0.009025564,0.018154554,102.5385136,13452,0.038228814,0.938520105,75.91676781,228.1703177,0.332719736
362,4,0.110532851,0.301975529,0.282830016,0.059168825,0.008367185,0.016213675,51.27952867,14320,0.036169832,0.932918649,78.77356966,229.1264467,0.343799552
363,4,0.119165934,0.29458866,0.260328001,0.063572026,0.006288879,0.007402709,77.61964675,12311,0.039287142,0.934958434,72.66449627,216.8074607,0.335156807
364,4,0.153408485,0.294233597,0.297607514,0.083666593,0.004443348,0.015939678,75.28129939,14575,0.035595472,0.929968877,79.68156352,229.7427078,0.346829565
365,4,0.178561536,0.302648497,0.277062867,0.093241729,0.019065932,0.003299637,54.23032234,14360,0.036347772,0.934524893,76.30288798,231.3291051,0.329845602
366,4,0.156659845,0.298431781,0.294634827,0.068113882,0.006594081,0.019038428,100.4864205,14819,0.034996019,0.924508816,82.82095361,229.8860458,0.360269599
367,4,0.106364204,0.283260111,0.275942414,0.055956321,0.001728147,0.022939897,45.70583305,12438,0.039205178,0.928765879,73.49864812,218.9091086,0.335749611
368,4,0.121973751,0.292287714,0.254987064,0.07887025,0.013532894,0.015365871,47.30718558,14089,0.037368585,0.939553191,74.06147294,233.9969337,0.316506169
369,4,0.08736345,0.297578301,0.328275709,0.073259762,0.00948332,0.037981318,93.27134832,12161,0.038913576,0.909275011,79.00412366,203.6631985,0.38791556
370,4,0.14854196,0.337397716,0.324968745,0.083933178,0.010066397,0.01368392,100.9257777,13545,0.035243411,0.897765472,86.32628939,206.8930588,0.417250776
371,4,0.10018087,0.305688565,0.309265099,0.06229232,0.007785812,0.019704386,45.34254224,13571,0.038524501,0.924820316,78.41142815,219.3600995,0.357455291
372,4,0.120012846,0.319288966,0.306270096,0.073566494,0.010661291,0.017524274,51.70291855,11914,0.038847155,0.910733796,78.29482116,200.5374076,0.390425019
373,4,0.103285479,0.305425899,0.285672082,0.061603462,0.018422135,0.00829051,97.4128546,15160,0.035053232,0.928844425,82.17749459,234.2849422,0.350758755
374,4,0.094110396,0.29558455,0.315130172,0.063953671,0.012392946,0.017452267,90.44528458,11915,0.038628619,0.907561303,78.38049571,201.1276258,0.38970527
375,4,0.122447537,0.322700874,0.303386359,0.060738682,0.012600067,0.012735152,94.94788541,11976,0.037974115,0.908179511,79.66877947,199.2378444,0.399867704
376,4,0.129710777,0.296009514,0.298163908,0.075885258,0.006897394,0.016495174,90.23936122,13735,0.036270695,0.928579925,78.60051022,221.1518951,0.355414138
377,4,0.135145922,0.330102813,0.316477022,0.067578647,0.002321548,0.013628576,93.1299154,11871,0.037765142,0.907073368,76.97886364,196.1616006,0.392425752
378,4,0.119388986,0.305845642,0.32332667,0.083053594,0.007636641,0.033066567,91.74881073,11940,0.038012228,0.904911199,79.45668273,199.2784777,0.398721847
379,4,0.120689144,0.302757838,0.33828016,0.062794951,0.005542166,0.018474032,45.98101808,11627,0.038312204,0.907935135,76.39096763,193.4958617,0.394793806
380,4,0.112676429,0.308377301,0.310567445,0.079482248,0.00698468,0.019480347,50.93335275,10773,0.040577741,0.915127926,72.83580627,191.8926191,0.379565439
381,4,0.218188683,0.303525901,0.287139805,0.117286126,0.00544168,0.017935198,97.97013094,13601,0.036709507,0.929164257,77.82088629,219.7504329,0.354133028
382,4,0.092558226,0.237749186,0.278969674,0.049249707,0.003024609,0.008595592,45.70525938,10373,0.043656609,0.94514063,63.58532912,204.4163002,0.311058018
383,4,0.133001787,0.321994251,0.288978433,0.082830073,0.006439445,0.018796883,54.2711906,12499,0.040737659,0.905136512,79.67122941,208.308036,0.382468343
384,4,0.110415427,0.279233956,0.312650507,0.064571228,0.009101151,0.011598959,86.07537731,11175,0.04041387,0.923250308,71.99251148,198.7091634,0.362300914
385,5,0.080694966,0.196249923,0.187318791,0.092861724,0.005132865,0.018749301,74.06987485,11426,0.047867845,0.968865199,55.76916224,252.3488699,0.221000246
386,5,0.097219837,0.214400222,0.213476323,0.087325956,0.015045728,0.020652954,114.5584447,12338,0.044899416,0.965726678,61.01143068,253.0075694,0.241144685
387,5,0.104653483,0.208814621,0.225979808,0.0903505,0.003291966,0.013239561,33.82770623,11703,0.044779458,0.963952349,58.52997834,241.2796916,0.242581454
388,5,0.096056473,0.219688143,0.218307011,0.081686403,0.012860697,0.017000445,111.0276815,12563,0.044263711,0.964578439,61.06259343,251.2335601,0.243051101
389,5,0.099829888,0.195061955,0.21538708,0.074295585,0.007586133,0.014367828,28.33979154,12186,0.044426391,0.965063638,61.38356712,251.1829178,0.244377952
390,5,0.087973686,0.203851155,0.212890689,0.080961846,0.006881239,0.01331664,65.64536086,12006,0.04549342,0.968108412,57.27946043,251.2396779,0.227987318
391,5,0.118062366,0.205652463,0.223728698,0.091648337,0.004804729,0.014936759,63.37396896,12072,0.044157389,0.96060373,62.56478415,243.5753948,0.256860034
392,5,0.079838525,0.204568089,0.226578412,0.076261938,0.008512527,0.013246009,58.20857424,12277,0.043777307,0.962378366,61.77279987,246.1279709,0.250978382
393,5,0.074115191,0.212263648,0.215663194,0.074257131,0.005866231,0.023385715,70.71426674,11671,0.045446406,0.963269961,58.59923759,243.5074288,0.240646611
394,5,0.095236216,0.2058696,0.229709728,0.090602136,0.006780166,0.019261927,63.21868682,12021,0.043620997,0.960688044,62.5628268,243.6217256,0.256803151
395,5,0.133515406,0.220303972,0.215030104,0.107454116,0.005479426,0.019932604,73.20225521,12545,0.043567079,0.962644818,61.4819665,249.7895134,0.246135099
396,5,0.103314984,0.197867961,0.224233039,0.077663325,0.014602368,0.016820306,33.14203587,12250,0.044008653,0.961661432,62.61375362,245.2470753,0.25530887
397,5,0.083461338,0.195806893,0.212182722,0.089368967,0.008815457,0.020568405,24.34326797,12165,0.045327086,0.968212984,58.87431948,255.1406639,0.230752396
398,5,0.126884951,0.192155123,0.245821042,0.138084544,0.006253677,0.014458217,34.30347686,12002,0.043956174,0.959598748,62.55149967,242.2354625,0.258226021
399,5,0.082618053,0.215635124,0.225211459,0.071635063,0.008977957,0.013700068,64.07858077,12823,0.043100522,0.961348447,62.81020914,251.4607931,0.249781321
400,5,0.097656896,0.193838274,0.20815877,0.08988268,0.000391391,0.013813545,50.75010377,12348,0.044511986,0.968206001,58.60093225,257.0746717,0.22795296
401,5,0.066086867,0.17803931,0.188421642,0.062825804,0.003897495,0.019595025,11.92918067,11624,0.048633259,0.969426488,57.68731893,259.8200703,0.222027955
402,5,0.080334967,0.216251929,0.225194589,0.076951687,0.006802359,0.018869069,32.25151221,12798,0.043079387,0.963440678,61.70414753,252.1668626,0.244695702
403,5,0.079667379,0.20623002,0.221368719,0.088010781,0.013659599,0.026128941,96.23163116,12839,0.043588519,0.962925505,62.9416971,254.2661723,0.247542552
404,5,0.108409964,0.221399342,0.218428318,0.104832013,0.008832005,0.023776161,26.62616402,12910,0.042896514,0.961012609,63.60269177,251.8878953,0.252503963
405,5,0.133431545,0.220113957,0.221629523,0.092605815,0.003738261,0.014823968,28.23820047,12963,0.042419965,0.961229886,63.61989748,249.4916693,0.254998083
406,5,0.07826502,0.207844192,0.234348348,0.082324902,0.004845139,0.019172899,30.28882618,13014,0.042453358,0.961818019,62.95750357,254.0676016,0.247798236
407,5,0.096835242,0.217718616,0.229657068,0.084197473,0.005037877,0.021439094,68.20185686,12350,0.043060324,0.956318017,65.37763407,241.8838025,0.270285292
408,5,0.112751973,0.20718225,0.20257011,0.096648717,0.005087531,0.013957979,27.05912412,12140,0.046169193,0.966062625,58.54142774,253.3812778,0.231040858
409,5,0.076239813,0.222807234,0.229610554,0.073763654,0.007075194,0.020054085,73.20818089,12246,0.043150661,0.95664807,63.23116687,241.3288477,0.262012467
410,5,0.113700547,0.20088797,0.221704868,0.088764146,0.003738742,0.016362882,61.18930659,12828,0.043817353,0.966248108,61.1221555,258.4167036,0.23652556
411,5,0.085061739,0.231529209,0.23985195,0.081624499,0.006386012,0.022726069,73.18430262,11964,0.0441054,0.958401036,60.65222435,237.4779357,0.255401514
412,5,0.101407991,0.201084058,0.214886946,0.092016302,0.009493012,0.015014533,17.26767142,12856,0.044027458,0.967715604,58.74570919,258.6963457,0.227083645
413,5,0.088535108,0.208682538,0.210949976,0.037222022,0.016399449,0.000496043,58.7120016,13033,0.043296171,0.963771281,63.23797884,259.588675,0.243608389
414,5,0.087064103,0.217848304,0.234201371,0.072603782,0.004948423,0.018573506,63.97096981,11759,0.044021941,0.956182724,62.16285475,236.5727484,0.262764224
415,5,0.088546159,0.228666936,0.243659557,0.077430246,0.009278909,0.023895325,29.37335004,12893,0.042521989,0.958296286,63.53024235,245.103813,0.259197283
416,5,0.076611072,0.214327087,0.239985113,0.072767221,0.011020485,0.009607558,73.40926313,12670,0.04251989,0.957666545,63.87693497,246.4918932,0.259144161
417,5,0.088710205,0.191122974,0.222686224,0.094818996,0.00806731,0.015344982,28.01456568,11181,0.046749575,0.965129956,59.10796212,241.6364662,0.24461524
418,5,0.077318993,0.192720469,0.222621255,0.074515683,0.004483553,0.015424874,27.16368141,13012,0.043228866,0.965403312,60.18899959,259.8494005,0.231630319
419,5,0.099568569,0.183835709,0.189627351,0.087078635,0.011689904,0.004558205,68.09441513,11810,0.046796613,0.972985377,55.70626423,257.1883345,0.216597165
420,5,0.106419773,0.213508958,0.243216775,0.09975981,0.005160402,0.018900175,77.40973287,12610,0.043120936,0.956839541,63.56269607,245.2395799,0.259186124
421,5,0.073713048,0.203355987,0.212395004,0.07626277,0.004370484,0.016837184,24.41974647,11155,0.047528014,0.968087737,54.5473726,243.5154909,0.2239996
422,5,0.096611596,0.202361334,0.22124881,0.08939353,0.004259596,0.018145086,67.37638137,11276,0.047408123,0.962900526,58.30724449,240.8524803,0.242086959
423,5,0.07414255,0.212858219,0.230095522,0.065005737,0.004785653,0.015021013,32.59745046,13278,0.041880178,0.961482181,65.13380794,254.9465757,0.255480223
424,5,0.077342755,0.206910151,0.219469739,0.080615446,0.009797022,0.014354675,25.54327749,12764,0.045551316,0.963704617,62.85930169,256.5689668,0.244999629
425,5,0.134780934,0.209920614,0.179293944,0.095168831,0.016633392,0.008641943,36.11528716,10971,0.048435056,0.967137128,56.9184617,244.932285,0.23238448
426,5,0.102372239,0.211120012,0.203126555,0.080587929,0.008176716,0.019782558,33.0248461,13212,0.04336376,0.964900331,63.07139177,262.004136,0.240726703
427,5,0.073081291,0.198008579,0.226730661,0.072979665,0.005289669,0.015980553,29.33427722,13246,0.042724219,0.964428132,61.21176454,259.7719935,0.235636505
428,5,0.072150462,0.236823651,0.207568088,0.069858461,0.015525963,0.011417939,27.82495962,12421,0.043187022,0.956105308,65.12622288,243.1791254,0.267811733
429,5,0.1038492,0.206783573,0.227757876,0.094347621,0.003824677,0.018523313,34.38484407,13129,0.042472542,0.963025864,64.44490087,253.9668885,0.253753161
430,5,0.072276639,0.200862048,0.227493343,0.07132281,0.003895492,0.019141474,23.22420296,11302,0.045732437,0.960148973,60.04873214,237.6957719,0.252628525
431,5,0.111541104,0.196880707,0.206485168,0.071098835,0.009739294,0.019644261,69.27276119,13372,0.043216048,0.965808175,63.67426886,265.1746035,0.240122048
432,5,0.078899592,0.202708825,0.207962293,0.084675917,0.010426598,0.02255634,22.70066047,13190,0.043695754,0.963379216,65.55710109,260.2016845,0.251947259
433,5,0.088641249,0.241859331,0.240060244,0.069201366,0.012074867,0.019982203,95.49849484,12505,0.042345542,0.954173073,65.43782723,235.7539129,0.277568361
434,5,0.06925737,0.208972365,0.199031544,0.059232046,0.005452565,0.015259581,63.83896828,11604,0.045269218,0.959229301,61.65362176,242.0717679,0.2546915
435,5,0.085124736,0.190670256,0.211267325,0.087405992,0.007356037,0.021781952,71.84278858,13033,0.044831274,0.965417522,63.55639065,263.4076435,0.241285294
436,5,0.109012569,0.222731461,0.229388114,0.104095195,0.003144966,0.020197024,71.08269724,11311,0.045190788,0.957736773,62.0142271,230.1968898,0.26939646
437,5,0.069999304,0.221984031,0.231091566,0.060448839,0.005531872,0.01510798,25.8154234,11554,0.04407149,0.955329869,63.00414946,233.3924869,0.269949347
438,5,0.085764345,0.204486614,0.210972778,0.080609505,0.013427702,0.00742661,33.9698635,13059,0.043142201,0.965751821,62.57396213,258.9327076,0.241661097
439,5,0.07518879,0.212305003,0.234025058,0.076271997,0.006248324,0.0180781,28.21326666,11381,0.045066954,0.957119999,60.47207024,235.1503326,0.257163448
440,5,0.069428499,0.203267397,0.216454212,0.068117827,0.007261916,0.017709711,60.10578792,13546,0.042641518,0.965203203,63.32044687,264.390303,0.239496102
441,5,0.075834275,0.22186225,0.237521581,0.077389853,0.005629466,0.025273085,78.08559981,12422,0.043256239,0.95320981,66.59807692,239.2363063,0.278377801
442,5,0.077284633,0.191081194,0.216719016,0.078717692,0.007540617,0.02293258,65.38846311,12642,0.045921531,0.965326836,63.74531178,257.6730219,0.247388381
443,5,0.096427795,0.224783196,0.192203338,0.078787553,0.00538529,0.021335974,83.19434135,10686,0.048095452,0.96418573,52.53688566,236.2039013,0.222421752
444,5,0.106541998,0.21036569,0.214303641,0.094392944,0.010871264,0.020130505,69.13841322,13616,0.042989571,0.965096472,62.07158611,265.8443228,0.233488477
445,5,0.12656449,0.194177367,0.21651816,0.080711543,0.012801602,0.004697403,71.19629089,13097,0.042914713,0.967412452,62.71994878,260.0949949,0.241142467
446,5,0.140059351,0.236603208,0.24043954,0.109802657,0.00280338,0.02004717,61.2969179,12937,0.041782948,0.954486012,63.72746361,244.4523874,0.260694789
447,5,0.081830691,0.218719554,0.233055606,0.073504708,0.007786933,0.018359257,32.17621101,13968,0.041421821,0.961056511,65.61541236,259.2870093,0.253060933
448,5,0.08051351,0.19972539,0.227583329,0.076019514,0.004552169,0.01463088,34.96296797,13840,0.041918425,0.964790444,62.87185769,266.7699973,0.235678143
449,5,0.138875975,0.217384568,0.175741674,0.090108768,0.004567158,0.02341855,64.25988051,10680,0.048895131,0.969506034,55.57962488,241.2731164,0.230359792
450,5,0.087008491,0.214279884,0.218957263,0.076414941,0.003886561,0.013943444,37.19545027,13078,0.042644518,0.964653168,62.59129951,257.6556392,0.242926177
451,5,0.081637777,0.224892163,0.239036214,0.072600483,0.010865976,0.015753901,32.72191673,11454,0.044784791,0.95336951,63.10959956,231.0004494,0.273201198
452,5,0.084537983,0.202166851,0.235088966,0.088482351,0.004785746,0.016161722,58.72919165,10841,0.045973619,0.959198195,60.93346326,228.6673333,0.266472095
453,5,0.086592346,0.184211109,0.16581177,0.089879064,0.003091348,0.014476706,55.55948098,10661,0.049889879,0.970056046,56.60401766,249.3354029,0.227019577
454,5,0.116597101,0.178610236,0.177404493,0.094657778,0.004205475,0.013686518,21.594184,12342,0.046960541,0.974930226,54.4822644,271.45978,0.200701056
455,5,0.077754717,0.202064146,0.246037596,0.075613762,0.004167371,0.015819498,22.51456729,11103,0.045404395,0.95577236,61.12073536,230.2493169,0.265454578
456,5,0.082917183,0.199655849,0.184795994,0.081496964,0.007463576,0.012537889,64.22929296,10163,0.050204369,0.966885056,56.70364952,235.8218152,0.240451247
457,5,0.079831569,0.215132327,0.20070067,0.065742465,0.008261085,0.010450306,62.99396923,13874,0.042665057,0.968372843,63.45888007,269.1694458,0.235758111
458,5,0.082625868,0.18564864,0.198378824,0.07593191,0.005915335,0.019933864,29.58260678,12617,0.047528731,0.971433605,56.95910478,265.225614,0.214757179
459,5,0.087330839,0.221262865,0.240920452,0.064384776,0.00439851,0.016112164,67.92540163,10560,0.046083617,0.957291647,59.62812551,221.2218145,0.269539989
460,5,0.09650941,0.20354834,0.163099638,0.084548356,0.003707896,0.020417017,28.73954695,10693,0.049943982,0.973324387,52.58597804,249.3635534,0.21088077
461,5,0.13362052,0.198143999,0.216443044,0.078056311,0.007897013,0.013755123,28.91557615,14087,0.043013275,0.970577069,60.96303986,274.5820352,0.222021225
462,5,0.123654013,0.21207913,0.207275603,0.079054715,0.008389502,0.015309995,29.96621494,14248,0.041868473,0.965678057,65.29535447,269.6594179,0.242140085
463,5,0.090529265,0.208035005,0.247565529,0.03659741,0.000458627,0.022189654,67.14136123,10397,0.046848129,0.959565456,56.87520019,223.2987455,0.254704522
464,5,0.09353388,0.21193104,0.235607372,0.095791551,0.012614947,0.015708759,66.45311389,14524,0.040873038,0.962024489,66.41303408,266.1233184,0.249557365
465,5,0.092171162,0.178572661,0.174720318,0.081385937,0.007504213,0.003936763,30.47773947,10074,0.051247965,0.972532275,54.12766452,243.4628495,0.222324123
466,5,0.072503687,0.171792196,0.192213098,0.092388647,0.004283911,0.022746545,23.53974383,10133,0.051078457,0.971828832,52.95124454,242.1761253,0.218647666
467,5,0.058063677,0.161711631,0.183662161,0.093089295,0.004899814,0.024023199,17.95629913,10093,0.051762608,0.971554436,54.47052792,247.0408518,0.220491986
468,5,0.076114798,0.199971078,0.222755273,0.075938662,0.006245941,0.013262328,28.20014345,11527,0.048428472,0.961889292,61.65240229,241.2393329,0.255565299
469,5,0.073224561,0.160346417,0.162189287,0.090009741,0.021522441,0.007694441,61.14194547,10353,0.0525524,0.974611206,55.15547304,255.3736226,0.215979522
470,5,0.085785224,0.220802707,0.158589686,0.081699543,0.003805154,0.023793508,24.82790285,10173,0.050756611,0.963715583,54.5967771,235.6546013,0.231681354
471,5,0.099891303,0.176328402,0.152433093,0.088527624,0.003551136,0.011415898,55.12967183,10057,0.052488913,0.972831241,54.76386725,246.4280342,0.22223067
472,5,0.04986021,0.172087709,0.1522793,0.067488741,0.004411944,0.020256475,56.78411843,10485,0.051482117,0.974154499,54.65245001,255.4437768,0.213950994
473,5,0.050208588,0.144290322,0.153768673,0.089119128,0.008014109,0.018830496,52.17978593,10632,0.052257619,0.974312467,56.16830227,263.4986896,0.213163498
474,5,0.081058742,0.159092881,0.153031291,0.072470439,0.009646506,0.006943018,60.39723566,10059,0.052711999,0.974762041,54.51755206,250.5427859,0.217597772
475,5,0.055619972,0.1742624,0.181035191,0.083508963,0.006725773,0.025536684,69.31682227,9160,0.054466266,0.969883158,52.67535935,231.5620225,0.227478404
476,5,0.082049368,0.182852631,0.202948189,0.063153298,0.003459324,0.016828251,62.25703715,9219,0.051878837,0.967001742,53.45288945,222.6845661,0.240038591
477,5,0.064006753,0.16752764,0.163778723,0.088175005,0.005211145,0.01516598,27.04449226,8742,0.054975177,0.968830048,53.34781054,226.5846327,0.235443198
478,5,0.082432322,0.207067329,0.140738848,0.070922102,0.005296055,0.021596456,26.96936414,8955,0.054956896,0.969112645,50.84119717,227.948348,0.223038235
479,5,0.073738232,0.205549485,0.223039677,0.062511573,0.010202882,0.007220115,26.88741178,11448,0.04577044,0.965457368,57.75819961,242.0294472,0.238641208
480,5,0.12101697,0.21828382,0.229489533,0.09632557,0.003570743,0.019280756,55.8546259,11890,0.049141043,0.961070714,60.85728901,240.4485825,0.253098972
481,6,0.081001035,0.232813086,0.234870959,0.064014613,0.013545507,0.013448779,25.3730227,13893,0.040564529,0.962133377,63.70044414,255.4901819,0.249326388
482,6,0.084064541,0.237356803,0.22528302,0.062555339,0.01076773,0.012073771,30.03207161,13649,0.040607517,0.959655285,65.41738479,252.5043023,0.259074337
483,6,0.12248074,0.249806128,0.24245928,0.092011754,0.005948592,0.016218508,73.64868461,14036,0.039314406,0.955682118,69.61013841,250.6355968,0.277734445
484,6,0.094106921,0.229415322,0.22695475,0.077136386,0.009283487,0.016170668,39.21567994,14254,0.039636313,0.957033213,69.84689793,257.0271939,0.271749058
485,6,0.128970753,0.244229235,0.240936891,0.075733481,0.008428329,0.009181627,78.9386246,13848,0.03945104,0.955390477,68.9684001,248.3052869,0.27775647
486,6,0.08727967,0.25001545,0.217532531,0.075136832,0.012407492,0.01420606,32.50762381,13619,0.040372641,0.953865079,70.06165363,248.3707302,0.282084985
487,6,0.099290281,0.217683848,0.225386407,0.089775986,0.00663476,0.014301959,38.49458112,14170,0.040374312,0.963361272,65.50201045,263.2351096,0.248834628
488,6,0.079796168,0.227836705,0.229645202,0.060166903,0.012900299,0.01558286,87.56038967,13387,0.041446104,0.961027468,65.74540312,252.1789586,0.260709313
489,6,0.090033469,0.231043073,0.234906484,0.075235065,0.007740634,0.020976198,33.16593768,14683,0.039453654,0.958403161,69.75491187,261.9631596,0.266277563
490,6,0.096351496,0.237869559,0.251241793,0.087286212,0.011847778,0.01686376,32.91389309,14749,0.039169503,0.956277674,70.2868616,257.8619305,0.272575566
491,6,0.096430439,0.251903823,0.249599808,0.081807201,0.011582178,0.014059802,40.93495964,13753,0.039183087,0.951829435,69.79676469,243.5588608,0.286570419
492,6,0.107146357,0.239669238,0.241068175,0.083162169,0.007567878,0.015317974,80.23456941,14671,0.039061754,0.959918491,67.52343386,259.8130298,0.259892408
493,6,0.098285773,0.239331595,0.236490313,0.072085477,0.009611803,0.020247333,36.7885238,14768,0.039495395,0.961261853,65.43636457,263.3378527,0.248488259
494,6,0.088899941,0.238349956,0.242736756,0.075115586,0.0120393,0.011244267,77.50034627,13640,0.039739736,0.955236044,68.22861281,248.7414476,0.274295311
495,6,0.078102551,0.234263332,0.215603133,0.060207513,0.006470393,0.016525448,78.9517592,13342,0.041420702,0.960934447,64.75665921,251.7180261,0.257258728
496,6,0.108763168,0.25330685,0.237834721,0.075841866,0.009263327,0.013794299,39.58286077,13924,0.039191181,0.953674545,69.71222103,247.7556242,0.281374928
497,6,0.096097074,0.237073919,0.244368675,0.084376114,0.007912295,0.019132377,71.49797673,14633,0.038994533,0.958465192,69.07445358,259.7489965,0.265927701
498,6,0.110959005,0.226008793,0.253231553,0.108537962,0.009592535,0.018032483,37.46043988,14623,0.039327976,0.958883542,68.08918782,262.2652183,0.259619588
499,6,0.093632596,0.227415276,0.220186643,0.086258762,0.015902448,0.025442744,83.95845744,14722,0.041068333,0.954702025,71.81746254,265.6740227,0.270321734
500,6,0.088185393,0.237774369,0.24088235,0.07696585,0.012363528,0.016359692,28.84273603,14599,0.039370368,0.959379866,67.91572467,259.4569532,0.261761051
501,6,0.088953084,0.244731994,0.239647408,0.074021521,0.010832575,0.013223393,71.876417,14833,0.038730331,0.952384799,72.22902707,259.8130452,0.278003851
502,6,0.070041687,0.219705208,0.225568037,0.081830289,0.014295156,0.017824269,62.66006681,14491,0.039994824,0.953540148,70.21004778,262.9148503,0.267044816
503,6,0.078069726,0.226649849,0.223244561,0.070158603,0.013052004,0.01437366,29.9652324,14780,0.039959811,0.963106669,67.75128639,268.8222305,0.252030073
504,6,0.129368454,0.237977834,0.234105919,0.099587426,0.005465442,0.021941589,30.56375801,13522,0.040425455,0.954052813,68.7604026,247.9698017,0.277293453
505,6,0.121061748,0.212870494,0.210584243,0.10116944,0.002413864,0.02032958,26.06044579,14001,0.04157753,0.966451543,63.53036446,267.254085,0.237715223
506,6,0.072761654,0.223421898,0.24179701,0.056523036,0.007023253,0.013050045,70.94486573,13385,0.041002914,0.959937591,64.98102984,250.2115895,0.259704317
507,6,0.11823433,0.221745709,0.226062621,0.088113665,0.009787476,0.014757517,87.57046528,14811,0.039577341,0.962245972,66.89309412,267.9941498,0.249606546
508,6,0.110232719,0.229945309,0.213708741,0.093634232,0.00980624,0.008166899,73.85350231,14130,0.041202335,0.952886902,72.52174301,255.6024378,0.283728683
509,6,0.086499579,0.227540861,0.203342957,0.077281615,0.018580385,0.011631636,74.88576255,14677,0.040546638,0.964357905,67.1322809,271.202009,0.247536075
510,6,0.098424872,0.24687593,0.234865434,0.081178287,0.010334034,0.01682388,79.11142102,13393,0.040210184,0.955088882,67.60808628,245.2134744,0.275711139
511,6,0.06663186,0.191165644,0.228644664,0.071847867,0.007542583,0.011955727,25.81282672,13269,0.042061346,0.961101965,66.61179756,256.2806703,0.259917369
512,6,0.080077587,0.217910925,0.222659814,0.088794014,0.014310358,0.014347229,71.11819333,15018,0.039580304,0.960993438,68.28667229,271.2859792,0.251714713
513,6,0.097989714,0.254327995,0.245863385,0.076088998,0.011759855,0.012972639,38.41881575,15150,0.038024686,0.956896855,71.13135219,259.6537189,0.27394698
514,6,0.099480992,0.236887979,0.232387554,0.077108978,0.01135965,0.01399898,85.81568562,13166,0.041309889,0.957894725,65.65944576,246.5683923,0.266293036
515,6,0.089662701,0.236372825,0.224113164,0.076803498,0.014717129,0.012853374,76.15539576,13136,0.041426918,0.960497863,63.84115577,247.8365936,0.257593743
516,6,0.083816084,0.227524525,0.224313586,0.074912857,0.010181261,0.016071205,72.44556327,15188,0.03873433,0.959892555,69.55396166,269.6881054,0.257905189
517,6,0.108330193,0.238958,0.244429836,0.08748737,0.013092853,0.006793145,43.77914927,15291,0.038080309,0.955289515,72.16810189,261.5599091,0.275914234
518,6,0.09010459,0.25363873,0.245074177,0.075883962,0.010644423,0.016053119,77.68131978,15281,0.03778097,0.955548894,71.34243937,261.0098795,0.273332333
519,6,0.07908733,0.225332536,0.232546782,0.073059688,0.013210582,0.015556646,32.65403515,13207,0.041153631,0.95738663,66.29889771,247.679646,0.267680041
520,6,0.087921268,0.233980101,0.234834654,0.076378687,0.011317851,0.017355444,33.05274374,13148,0.041455811,0.958600221,64.74444346,249.1503574,0.259860929
521,6,0.072956944,0.228124929,0.238406077,0.068115944,0.013937697,0.014252737,64.99381701,15389,0.038001235,0.955151672,71.51094818,266.2646327,0.268570961
522,6,0.097890005,0.252684172,0.211050593,0.075231861,0.0117613,0.0170903,90.6611338,13162,0.041061085,0.956293658,66.87135844,243.8186374,0.274266804
523,6,0.091412433,0.242962166,0.239535958,0.074866359,0.013507376,0.011082346,36.91395262,15383,0.038054671,0.956114694,71.74368665,262.8403739,0.272955351
524,6,0.084778408,0.236052404,0.230881734,0.06841097,0.011034711,0.012222577,68.21835606,13047,0.040976776,0.956746741,67.54498118,243.3202237,0.27759707
525,6,0.07803507,0.242262636,0.240184654,0.064772618,0.016555881,0.011935996,105.9356351,15389,0.038800312,0.958036405,69.17467511,263.828634,0.262195479
526,6,0.129534583,0.239957149,0.231346759,0.089077808,0.008277607,0.012157568,73.53029606,13138,0.041083194,0.954513503,67.99063648,240.1049156,0.283170531
527,6,0.110636742,0.254896028,0.24861662,0.090998611,0.011888006,0.012278971,44.78045037,15309,0.03773238,0.955139897,72.40060375,259.4309605,0.279074647
528,6,0.112701913,0.246289113,0.250865836,0.079664968,0.000692261,0.018178134,79.64480623,13075,0.040543786,0.954461139,66.28483527,240.1156382,0.276053804
529,6,0.090851688,0.228480266,0.228926176,0.08363784,0.014091762,0.013286881,29.91611673,15341,0.03894531,0.960870958,69.05628282,270.0471741,0.255719331
530,6,0.091515342,0.242517405,0.247896317,0.075995505,0.01287049,0.017571493,36.72089583,15503,0.038258853,0.958278657,69.36973552,265.3576268,0.261419792
531,6,0.085982006,0.226845674,0.223553813,0.068779822,0.010814629,0.016748556,75.60414144,15339,0.039196819,0.962641308,68.9736497,273.6873895,0.252016177
532,6,0.083536785,0.234065291,0.252972532,0.077658926,0.014579694,0.016338759,31.04457598,12921,0.041108196,0.952941774,66.76383634,240.1584066,0.277999164
533,6,0.082508765,0.235262622,0.248723692,0.070500959,0.016631567,0.013707365,35.08639179,12825,0.041804834,0.957153594,65.02658103,239.1818326,0.271870904
534,6,0.094782565,0.24447924,0.257828291,0.082115375,0.012393697,0.017339978,36.5544756,13268,0.039893428,0.948717147,70.94427275,238.8044728,0.297081005
535,6,0.114036703,0.225686173,0.230358384,0.101690712,0.016887232,0.011604371,19.2234238,15527,0.039776905,0.959910952,70.20830837,270.3916526,0.259654126
536,6,0.091553554,0.230816407,0.234622698,0.074379451,0.008671578,0.011133646,69.05352144,15503,0.038412501,0.960646998,69.07717058,270.4810261,0.255386382
537,6,0.091138699,0.220640733,0.231801641,0.081677494,0.015509204,0.01442081,31.42287318,15564,0.039095669,0.960653224,69.4266773,273.2018146,0.254122314
538,6,0.072832498,0.233549514,0.238895068,0.059688708,0.0118817,0.013163618,27.25912248,15602,0.038124792,0.957201648,71.22413301,267.263891,0.266493662
539,6,0.091453439,0.252344418,0.242694234,0.069672103,0.010785624,0.015135071,33.39415632,13255,0.039993738,0.950201035,69.07042305,237.1212741,0.291287331
540,6,0.089841435,0.219968396,0.198798271,0.085842291,0.013750233,0.013815085,82.30475136,14792,0.040437128,0.965683839,65.51461948,275.3318436,0.237947847
541,6,0.090574186,0.236733,0.244913685,0.076108833,0.01081344,0.01574307,35.23159027,15541,0.037923235,0.959663536,69.14115734,267.2748338,0.258689366
542,6,0.084336402,0.222104967,0.2387026,0.075163505,0.006970897,0.011275194,71.10428742,12970,0.041060601,0.95947357,64.69552872,245.9175926,0.263078083
543,6,0.07878537,0.258989714,0.255047896,0.063751506,0.011507759,0.018245982,91.15927964,13109,0.039805859,0.9467021,69.59571814,233.8151008,0.297652794
544,6,0.101161399,0.238246382,0.229179497,0.071014346,0.008895867,0.023459758,83.56437899,15751,0.037702622,0.956217865,72.79643864,270.1413139,0.2694754
545,6,0.096093192,0.235598339,0.233054331,0.079926239,0.017840111,0.012815126,37.37288086,15723,0.038043885,0.959605884,69.73025995,270.5573411,0.257728213
546,6,0.083752689,0.222443215,0.21357551,0.065258935,0.009304757,0.016553938,75.97372528,14882,0.040441742,0.966889051,63.7089506,273.7355167,0.232739074
547,6,0.107244586,0.241456244,0.230928972,0.094598567,0.01246755,0.016376321,38.38365822,12654,0.04147163,0.954902947,66.39153921,236.7000555,0.280488059
548,6,0.093372159,0.237697693,0.23546758,0.075297419,0.010034423,0.014750266,74.36058666,16020,0.037030836,0.957229498,72.64935926,270.9902934,0.268088419
549,6,0.088059842,0.230081433,0.215322909,0.077292699,0.005321243,0.019864232,35.20381273,15551,0.039451161,0.963901089,67.77598483,278.234905,0.243592675
550,6,0.099891285,0.241495592,0.249306112,0.076679855,0.007445243,0.012170314,42.30132422,13067,0.0405432,0.95012925,70.61392525,238.2084926,0.29643748
551,6,0.071662848,0.200774127,0.1884862,0.072351729,0.017714328,0.010319259,26.94477458,14218,0.04244732,0.969337861,63.46050852,279.0594626,0.227408553
552,6,0.085840468,0.239821781,0.232097693,0.066401539,0.006455626,0.01518442,76.29125698,15987,0.037485457,0.959583424,69.86507287,271.910267,0.256941651
553,6,0.098166943,0.241371643,0.231635782,0.088270487,0.013562652,0.01297897,83.37921902,15819,0.038169543,0.960542759,70.63651695,272.6956677,0.25903058
554,6,0.096852591,0.219500264,0.21684675,0.083518348,0.010853789,0.012373673,39.72872431,15774,0.039082668,0.964375243,69.48115432,279.2505175,0.248812983
555,6,0.106039255,0.255203641,0.228172622,0.07207233,0.011341128,0.010242676,38.44074557,12667,0.042806031,0.954517437,64.40572553,239.9263548,0.268439562
556,6,0.112203681,0.259327781,0.247579442,0.086308041,0.009619974,0.02105965,30.8757553,12889,0.040339514,0.947093514,70.01298563,233.4142547,0.299951628
557,6,0.104450068,0.257101161,0.25487558,0.080605243,0.012396098,0.012867925,41.51234111,12551,0.040913234,0.950867702,66.67136485,232.3165405,0.286985011
558,6,0.085493901,0.243694881,0.2464547,0.068890273,0.012633848,0.013363401,36.26973931,12206,0.042085941,0.953019617,66.13869167,229.7943959,0.287816817
559,6,0.089818126,0.241483838,0.239384059,0.076100556,0.011535385,0.015419771,100.3714911,15871,0.037841724,0.960568494,68.64725521,271.6539852,0.252701079
560,6,0.114323985,0.248483922,0.251618432,0.09394688,0.013829075,0.016698775,81.51359349,12392,0.041163977,0.946600659,68.58702042,228.9857378,0.299525294
561,6,0.091002618,0.237993336,0.264623727,0.07999223,0.013458234,0.012698988,38.15823179,12149,0.041352786,0.948727926,67.71985239,226.2993998,0.299248926
562,6,0.096575678,0.240025113,0.250696615,0.079560364,0.010332353,0.018613537,82.84756273,11994,0.042265049,0.954801545,64.19323415,230.0840137,0.278999106
563,6,0.093295848,0.25868229,0.247191176,0.067109165,0.012018185,0.016254444,69.23956133,12246,0.041951249,0.947697366,67.62138129,226.9146372,0.298003611
564,6,0.072405424,0.222914954,0.247749759,0.055660694,0.00313711,0.019546656,26.95498385,12117,0.042702154,0.955776239,64.09165695,232.90121,0.275188166
565,6,0.102798383,0.245782418,0.245211296,0.094603551,0.010376925,0.019736303,36.18300875,12239,0.042152545,0.948692676,67.97969868,232.2797692,0.29266302
566,6,0.147354487,0.208519491,0.230619535,0.099427033,0.003219127,0.013728609,23.13170492,15954,0.040876896,0.964820913,68.59241354,279.1239336,0.245741784
567,6,0.119386957,0.256239853,0.249196921,0.086555814,0.013339392,0.014101654,96.93272339,11806,0.042149416,0.948686953,65.44318517,223.7572201,0.292474071
568,6,0.088618499,0.253194752,0.257834042,0.073670098,0.023851429,0.01232008,78.95516112,11706,0.042803263,0.94982882,64.13658854,223.1734698,0.287384466
569,6,0.101749965,0.247167995,0.22514203,0.087272088,0.013493435,0.015286758,32.27384939,11203,0.044046059,0.94901633,63.89564338,223.3494661,0.28607923
570,6,0.103230117,0.219751123,0.171724145,0.079415538,0.010073587,0.017186036,78.97215399,13262,0.044323254,0.971574898,58.90287385,269.6679513,0.218427416
571,6,0.065425665,0.183869554,0.176543631,0.077980641,0.013336746,0.021164533,73.05174573,12160,0.046475247,0.971692416,59.45218433,264.221208,0.225009131
572,6,0.079360191,0.229939595,0.25777853,0.067141928,0.007707315,0.014075941,29.6767404,10874,0.04403936,0.952586876,61.45858686,217.2055584,0.282951262
573,6,0.105800482,0.234166226,0.217201428,0.066584488,0.014122702,0.011049873,85.38269841,10480,0.047299237,0.962002379,58.92355508,223.8387469,0.263241087
574,6,0.074813338,0.17795797,0.179315382,0.075669535,0.007420964,0.011920564,75.0910848,10207,0.050368081,0.970979526,56.93164407,241.0730392,0.236159316
575,6,0.090966217,0.12338255,0.160023333,0.085616255,0.004888453,0.022715094,68.73329583,9646,0.055261248,0.969684901,56.73846458,248.3061625,0.22850204
576,6,0.143221233,0.232585698,0.237400942,0.103154975,0.003138174,0.023039937,29.57240461,14328,0.039193328,0.952694682,71.84635822,253.7880824,0.283095871
